Name,playerID,ZIPs,Steamer,Real,SEGRIGO,Error_ZIPs,Error_Steamer,Error_SEGRIGO
Trea Turner,turnetr01,0.846071773,0.785803909,0.778355289,0.816414414813553,0.06771648400000008,0.007448620000000017,0.038059125813553085
Juan Soto,sotoju01,0.924030042,0.960440402,0.929550072,0.9282125692326885,0.005520029999999898,0.030890330000000077,0.0013375027673114825
Alex Bregman,bregmal01,0.858690338,0.831963539,0.803774137,0.7935850477859748,0.05491620100000005,0.028189401999999975,0.010189089214025171
Carlos Correa,correca01,0.826898636,0.810834783,0.710901649,0.8125869837333042,0.11599698700000005,0.09993313400000003,0.10168533473330421
Francisco Lindor,lindofr01,0.767874124,0.753660246,0.806344208,0.7897500492919738,0.03847008399999996,0.05268396199999992,0.016594158708026163
Marcus Semien,semiema01,0.805619215,0.759480396,0.826016195,0.7554784033041385,0.02039698000000001,0.06653579900000006,0.0705377916958615
Nolan Arenado,arenano01,0.820877522,0.812117298,0.774288048,0.8068949710296535,0.04658947400000002,0.037829250000000036,0.03260692302965351
Austin Riley,rileyau01,0.872219259,0.852068864,0.861177815,0.8622580369375281,0.011041443999999956,0.009108950999999976,0.001080221937528103
Mookie Betts,bettsmo01,0.85575484,0.848793004,0.987136531,0.8704038821600681,0.13138169099999997,0.13834352699999997,0.11673264883993184
Rafael Devers,deverra01,0.887123056,0.860538292,0.850609756,0.8519298449835785,0.03651329999999997,0.009928535999999988,0.0013200889835784935
Dansby Swanson,swansda01,0.759407483,0.727688828,0.743515409,0.7555308626522769,0.015892074000000034,0.015826581000000006,0.012015453652276853
Matt Chapman,chapmma01,0.792883043,0.738183271,0.754826209,0.7653592072094884,0.03805683400000004,0.01664293799999994,0.010532998209488387
Ronald Acuna Jr.,acunaro01,0.87491614,0.857353137,1.011971942,0.8712218609595649,0.137055802,0.15461880499999991,0.14075008104043507
Freddie Freeman,freemfr01,0.882558124,0.883610928,0.976308036,0.919815461650375,0.09374991200000005,0.09269710800000008,0.05649257434962507
George Springer,springe01,0.836093962,0.816758791,0.732027317,0.8134214521408545,0.10406664499999996,0.08473147400000003,0.08139413514085447
Kyle Tucker,tuckeky01,0.844944614,0.889727694,0.886237194,0.8480823736792992,0.04129258000000002,0.003490499999999952,0.03815482032070083
Manny Machado,machama01,0.806365134,0.816963517,0.781714331,0.83497429434163,0.024650803,0.03524918600000004,0.05325996334162997
Jose Altuve,altuvjo01,0.836624278,0.808396998,0.914905148,0.8177649380290906,0.07828086999999995,0.10650815000000002,0.09714020997090944
Corey Seager,seageco01,0.816869648,0.841949458,1.012566882,0.841688981031245,0.19569723400000005,0.17061742400000002,0.170877900968755
Matt Olson,olsonma02,0.865622357,0.842264742,0.992507309,0.8261373430042372,0.12688495199999994,0.15024256699999994,0.1663699659957627
Brandon Nimmo,nimmobr01,0.789328558,0.795523201,0.828918124,0.8380200445305426,0.039589565999999965,0.03339492300000002,0.009101920530542595
Willy Adames,adamewi01,0.791365922,0.753211397,0.716620036,0.7671668040775361,0.07474588599999998,0.03659136099999993,0.05054676807753611
Bryce Harper,harpebr03,0.90006595,0.882558953,0.900004809,0.8914391080646732,6.114099999998679e-05,0.017445856000000037,0.008565700935326825
Xander Bogaerts,bogaexa01,0.775054815,0.772825553,0.789973254,0.7992748858783563,0.014918439000000006,0.01714770099999996,0.009301631878356309
Jake Cronenworth,croneja01,0.762830451,0.734015364,0.689267718,0.7374122461723079,0.07356273300000005,0.04474764600000003,0.048144528172307965
Tommy Edman,edmanto01,0.715767228,0.713824377,0.705414056,0.7312415534657739,0.010353172000000077,0.008410321000000054,0.025827497465773952
Cedric Mullins,mullice01,0.744459965,0.730410624,0.721151318,0.7661439832594686,0.023308647000000016,0.009259306000000023,0.044992665259468656
Paul Goldschmidt,goldspa01,0.84180225,0.839888987,0.809854029,0.8854667862441629,0.03194822099999994,0.030034958,0.07561275724416283
Pete Alonso,alonspe01,0.864402173,0.860954891,0.821150305,0.8274583752697039,0.04325186800000003,0.03980458600000003,0.006308070269703925
Vladimir Guerrero Jr.,guerrvl02,0.873072922,0.921125148,0.788096374,0.8586195051583373,0.08497654799999999,0.13302877400000002,0.0705231311583373
DJ LeMahieu,lemahdj01,0.739283258,0.754957451,0.717744187,0.7573767502378443,0.021539071000000076,0.037213264000000024,0.039632563237844365
Bryan Reynolds,reynobr01,0.820024682,0.808415899,0.789617813,0.7840670297638413,0.030406869000000003,0.01879808599999999,0.005550783236158652
Max Muncy,muncyma01,0.786703473,0.790097103,0.808437067,0.7794171975610046,0.021733593999999967,0.01833996399999993,0.02901986943899537
Brandon Lowe,lowebr01,0.816548649,0.780374787,0.770952473,0.8013346299013516,0.04559617599999999,0.009422313999999932,0.030382156901351598
Shohei Ohtani,ohtansh01,0.881045175,0.865123534,1.066381453,0.8813014638613033,0.18533627799999997,0.201257919,0.18507998913869672
Ty France,francty01,0.777387467,0.778560182,0.70311127,0.7977661102542615,0.0742761970000001,0.07544891200000003,0.09465484025426152
Yasmani Grandal,grandya01,0.749182607,0.743334213,0.64748495,0.7213785695383731,0.101697657,0.09584926300000007,0.07389361953837315
Trent Grisham,grishtr01,0.711945961,0.710104473,0.66635782,0.7172374433318391,0.04558814099999997,0.043746653000000024,0.05087962333183915
Ketel Marte,marteke01,0.821809777,0.772769744,0.843523049,0.7804694071794,0.02171327199999995,0.07075330499999999,0.06305364182059991
Luis Robert Jr.,roberlu01,0.78286924,0.799720492,0.857378779,0.7664759055846815,0.07450953900000001,0.057658287000000086,0.09090287341531855
Willson Contreras,contrwi01,0.767468604,0.757765444,0.825589314,0.7903364604800387,0.058120709999999964,0.06782387000000001,0.035252853519961325
Jeff McNeil,mcneije01,0.771716552,0.769912395,0.71111111,0.7617372899337858,0.060605441999999954,0.058801284999999925,0.05062617993378571
Jorge Polanco,polanjo01,0.790140988,0.767108583,0.788919351,0.766090606915382,0.0012216369999999976,0.021810768000000036,0.02282874408461799
Ryan McMahon,mcmahry01,0.767178474,0.762113963,0.752799689,0.7354397070305714,0.014378785000000005,0.009314273999999956,0.017359981969428673
Javier Baez,baezja01,0.711041439,0.704533306,0.592889463,0.7075306831877974,0.11815197600000005,0.11164384299999996,0.11464122018779743
Kyle Schwarber,schwaky01,0.847327678,0.822203001,0.816559828,0.8092837965862648,0.03076784999999993,0.005643172999999946,0.007276031413735229
Gleyber Torres,torregl01,0.761447606,0.774137997,0.799746324,0.7541525647068795,0.038298717999999954,0.025608327000000042,0.045593759293120484
Salvador Perez,perezsa02,0.809359942,0.764682936,0.714320628,0.8058198596660623,0.0950393140000001,0.05036230800000008,0.09149923166606233
Justin Turner,turneju01,0.805212794,0.764783587,0.800245055,0.7767241138414314,0.0049677390000000266,0.03546146799999994,0.02352094115856862
Anthony Santander,santaan02,0.790384463,0.759177064,0.796776339,0.7956292714243465,0.0063918760000000185,0.03759927500000004,0.0011470675756535265
Mike Yastrzemski,yastrmi01,0.769313283,0.736300569,0.775269848,0.7716124261431522,0.005956564999999969,0.03896927900000002,0.003657421856847809
Alex Verdugo,verdual01,0.793658954,0.770061574,0.745165686,0.7798524885216027,0.04849326799999998,0.024895887999999977,0.03468680252160272
Christian Walker,walkech02,0.786800102,0.788370839,0.829896906,0.7853521021222403,0.043096804000000044,0.041526066999999944,0.04454480387775972
Ian Happ,happia01,0.757061697,0.756935887,0.791381804,0.8059994301666705,0.03432010699999999,0.03444591699999999,0.014617626166670505
Yoan Moncada,moncayo01,0.742357452,0.733279602,0.730471828,0.7129654839461145,0.011885624000000039,0.002807773999999985,0.017506344053885514
Jose Abreu,abreujo02,0.801557865,0.79239408,0.679629629,0.7818455465975656,0.12192823600000002,0.11276445099999999,0.10221591759756554
Joey Gallo,gallojo01,0.755830133,0.722957196,0.740921131,0.7472783312480389,0.014909002000000005,0.017963935000000042,0.0063572002480388745
Kolten Wong,wongko01,0.717403421,0.712075896,0.519392857,0.7204684802757205,0.19801056399999994,0.19268303899999994,0.20107562327572048
Cody Bellinger,bellico01,0.714150828,0.719255077,0.881165207,0.7569778823544042,0.16701437900000005,0.16191012999999999,0.12418732464559579
Jeimer Candelario,candeje01,0.743746958,0.720809841,0.806939301,0.7156880231564287,0.06319234299999998,0.08612945999999999,0.09125127784357134
Eugenio Suarez,suareeu01,0.714175484,0.712684428,0.714070917,0.7508717651627893,0.00010456699999994434,0.0013864890000000463,0.03680084816278928
Adam Frazier,fraziad01,0.689373831,0.693157726,0.695631067,0.6712658398362751,0.006257235999999944,0.0024733409999999623,0.024365227163724912
Brandon Crawford,crawfbr01,0.722092268,0.70657564,0.587214904,0.7061853712736078,0.13487736400000006,0.11936073599999997,0.11897046727360783
Starling Marte,martest01,0.741906874,0.744000882,0.624694478,0.7558871391504806,0.117212396,0.11930640400000003,0.13119266115048056
Tim Anderson,anderti01,0.755247473,0.743964149,0.582405585,0.7157054911488597,0.172841888,0.16155856400000002,0.13329990614885978
Tyler O'Neill,oneilty01,0.778798023,0.757243759,0.715391419,0.7405490396104847,0.06340660399999998,0.04185233999999993,0.025157620610484654
Teoscar Hernandez,hernate01,0.769496939,0.759161909,0.740509734,0.7744944962105532,0.02898720500000007,0.01865217500000005,0.03398476221055324
Christian Yelich,yelicch01,0.758619758,0.773303225,0.817525891,0.7470813369989813,0.058906132999999916,0.04422266599999991,0.07044455400101868
Christian Vazquez,vazquch01,0.676601547,0.678322239,0.597703829,0.6859672195156485,0.078897718,0.08061841000000003,0.08826339051564858
Wilmer Flores,florewi01,0.761232735,0.736852494,0.863267525,0.7436772218517025,0.10203479000000004,0.12641503100000007,0.11959030314829755
Anthony Rizzo,rizzoan01,0.780920344,0.805421897,0.705807058,0.770594380331794,0.075113286,0.09961483900000001,0.06478732233179396
Max Kepler,keplema01,0.730109429,0.744696918,0.815993824,0.7185253638023664,0.085884395,0.07129690599999994,0.09746846019763356
Adam Duvall,duvalad01,0.793444512,0.692249965,0.834366147,0.7423717440484091,0.04092163500000001,0.14211618199999998,0.09199440295159089
Jean Segura,segurje01,0.716410402,0.724573078,0.555992843,0.7017749969322891,0.160417559,0.16858023500000008,0.1457821539322891
Gary Sanchez,sanchga02,0.740881216,0.690063144,0.780056179,0.705677237042012,0.03917496300000001,0.089993035,0.074378941957988
Mark Canha,canhama01,0.750410959,0.735478059,0.755029585,0.7469052782523624,0.004618625999999959,0.019551525999999986,0.008124306747637533
Alec Bohm,bohmal01,0.732651161,0.733432637,0.764608227,0.7256446378873272,0.03195706599999992,0.03117558999999992,0.038963589112672725
Nicky Lopez,lopezni01,0.660161956,0.649613988,0.632248061,0.6370016669972631,0.027913895000000077,0.01736592700000006,0.004753605997263155
Chris Taylor,tayloch03,0.723290615,0.681691403,0.745639176,0.7386980821978989,0.022348560999999934,0.06394777299999999,0.0069410938021010615
Ramon Laureano,laurera01,0.728084416,0.709528464,0.67564658,0.7067377660815294,0.05243783599999996,0.03388188400000003,0.031091186081529387
Cavan Biggio,biggica01,0.708881755,0.704987042,0.7104789,0.7346856917115617,0.0015971450000000775,0.005491858000000072,0.024206791711561704
Jurickson Profar,profaju01,0.795020262,0.766351516,0.689345567,0.7161318689851717,0.10567469499999993,0.07700594899999991,0.026786301985171623
Brandon Belt,beltbr01,0.814056557,0.748683823,0.858487397,0.8481458572616158,0.04443083999999997,0.10980357399999996,0.010341539738384142
Yuli Gurriel,gourryu01,0.817879446,0.695647796,0.663011769,0.6919585501094134,0.15486767699999993,0.03263602700000001,0.0289467811094134
Brian Anderson,anderbr06,0.726165414,0.681251058,0.678173835,0.7041989511204504,0.04799157900000006,0.003077223000000018,0.026025116120450442
Joey Wendle,wendljo01,0.716287456,0.687913934,0.554016353,0.699038867632202,0.16227110300000003,0.13389758100000004,0.14502251463220206
Eduardo Escobar,escobed01,0.70880447,0.704606675,0.613230519,0.724823800269729,0.09557395099999999,0.09137615599999993,0.111593281269729
Josh Bell,belljo02,0.742593325,0.792225426,0.743850418,0.7522645379104358,0.001257092999999987,0.04837500800000005,0.008414119910435836
David Peralta,peralda01,0.726700991,0.721370625,0.674549521,0.7254515560056218,0.05215146999999998,0.04682110400000006,0.05090203500562185
Lourdes Gurriel Jr.,gurrilo01,0.775466893,0.765084812,0.771916539,0.7766096078484452,0.0035503540000000333,0.00683172700000001,0.004693068848445225
Whit Merrifield,merriwh01,0.676482331,0.692991964,0.699651662,0.6979641158114646,0.02316933099999996,0.006659697999999992,0.0016875461885353937
Jorge Soler,solerjo01,0.771135712,0.756421203,0.853284071,0.7656390883349081,0.08214835900000006,0.09686286799999999,0.08764498266509191
Manuel Margot,margoma01,0.671987046,0.708350705,0.685729596,0.6839065595631435,0.01374255000000002,0.022621108999999917,0.001823036436856551
Carlos Santana,santaca01,0.73786399,0.745794164,0.747346159,0.7169224045011185,0.009482168999999985,0.0015519950000000282,0.03042375449888146
Nick Castellanos,casteni01,0.766804835,0.742596937,0.787513747,0.7512237528382327,0.020708912000000024,0.04491681000000003,0.03628999416176726
Robbie Grossman,grossro01,0.705678729,0.676371366,0.734243895,0.717978078690165,0.02856516600000003,0.05787252899999995,0.016265816309835035
Randal Grichuk,grichra01,0.760959669,0.75501473,0.779119824,0.748952965184973,0.01816015500000001,0.02410509400000005,0.03016685881502701
Andrew McCutchen,mccutan01,0.737678131,0.723358299,0.775871414,0.743941533855033,0.03819328300000002,0.052513115,0.031929880144967004
Donovan Solano,solando01,0.711456545,0.70257559,0.759751832,0.7306655262548682,0.048295286999999965,0.05717624199999993,0.029086305745131713
Kevin Newman,newmake01,0.680741229,0.682149043,0.675201416,0.6561671948250879,0.005539812999999949,0.006947626999999956,0.019034221174912158
Martin Maldonado,maldoma01,0.577658909,0.62524681,0.606294146,0.649362197467839,0.028635236999999925,0.018952664000000063,0.043068051467838986
Charlie Blackmon,blackch02,0.757578247,0.753881757,0.803307545,0.7519732836495059,0.04572929800000003,0.04942578799999997,0.051334261350494126
Isiah Kiner-Falefa,kineris01,0.638126957,0.671308988,0.646046352,0.6707344512243019,0.007919395000000051,0.025262636000000005,0.024688099224301818
Eddie Rosario,rosared01,0.683271613,0.698229264,0.754645162,0.7224292262897113,0.07137354899999993,0.05641589800000002,0.03221593571028869
Max Muncy,muncyma01,0.55081817,0.790097103,0.808437067,0.7794171975610047,0.25761889699999996,0.01833996399999993,0.02901986943899526
Miguel Cabrera,cabremi01,0.655776627,0.666249678,0.674915034,0.7092305410912436,0.019138407000000024,0.008665355999999957,0.03431550709124365
