Name,Año,Proyectado ZIPs,Steamer,Real
Aaron Judge,2023,0.963960945,0.94236254,1.019192556
Trea Turner,2023,0.846071773,0.785803909,0.778355289
Juan Soto,2023,0.924030042,0.960440402,0.929550072
Jose Ramirez,2023,0.869347243,0.848659932,0.830637539
Adley Rutschman,2023,0.822751046,0.7829443,0.809464396
Yordan Alvarez,2023,0.985977446,0.93679253,0.990184893
Alex Bregman,2023,0.858690338,0.831963539,0.803774137
Carlos Correa,2023,0.826898636,0.810834783,0.710901649
Francisco Lindor,2023,0.767874124,0.753660246,0.806344208
Marcus Semien,2023,0.805619215,0.759480396,0.826016195
Will Smith,2023,0.836081482,0.807626173,0.796705776
Nolan Arenado,2023,0.820877522,0.812117298,0.774288048
Austin Riley,2023,0.872219259,0.852068864,0.861177815
Julio Rodriguez,2023,0.820787227,0.825030795,0.818042813
Mookie Betts,2023,0.85575484,0.848793004,0.987136531
Mike Trout,2023,0.969738942,0.890116405,0.857663054
Rafael Devers,2023,0.887123056,0.860538292,0.850609756
Dansby Swanson,2023,0.759407483,0.727688828,0.743515409
Matt Chapman,2023,0.792883043,0.738183271,0.754826209
Ronald Acuna Jr.,2023,0.87491614,0.857353137,1.011971942
Gunnar Henderson,2023,0.812201066,0.753394084,0.814044556
Michael Harris II,2023,0.790932325,0.782724607,0.80808274
J.T. Realmuto,2023,0.773268001,0.759850546,0.762351661
Freddie Freeman,2023,0.882558124,0.883610928,0.976308036
George Springer,2023,0.836093962,0.816758791,0.732027317
Kyle Tucker,2023,0.844944614,0.889727694,0.886237194
Manny Machado,2023,0.806365134,0.816963517,0.781714331
Jose Altuve,2023,0.836624278,0.808396998,0.914905148
Corey Seager,2023,0.816869648,0.841949458,1.012566882
Andres Gimenez,2023,0.751770914,0.761929898,0.712289224
Matt Olson,2023,0.865622357,0.842264742,0.992507309
Bo Bichette,2023,0.796582991,0.80428871,0.81404023
Brandon Nimmo,2023,0.789328558,0.795523201,0.828918124
Willy Adames,2023,0.791365922,0.753211397,0.716620036
Fernando Tatis Jr.,2023,0.916432472,0.931316436,0.770462213
Alejandro Kirk,2023,0.77796775,0.833805625,0.691650103
Bryce Harper,2023,0.90006595,0.882558953,0.900004809
Xander Bogaerts,2023,0.775054815,0.772825553,0.789973254
Jake Cronenworth,2023,0.762830451,0.734015364,0.689267718
Sean Murphy,2023,0.79564072,0.759759569,0.843675181
Tommy Edman,2023,0.715767228,0.713824377,0.705414056
Cedric Mullins,2023,0.744459965,0.730410624,0.721151318
Corbin Carroll,2023,0.769670077,0.732529387,0.867697037
Paul Goldschmidt,2023,0.84180225,0.839888987,0.809854029
Trevor Story,2023,0.791474322,0.73453241,NA
Pete Alonso,2023,0.864402173,0.860954891,0.821150305
Vladimir Guerrero Jr.,2023,0.873072922,0.921125148,0.788096374
Byron Buxton,2023,0.86716094,0.796046737,0.731448126
DJ LeMahieu,2023,0.739283258,0.754957451,0.717744187
Bryan Reynolds,2023,0.820024682,0.808415899,0.789617813
Ozzie Albies,2023,0.791879988,0.767351232,0.849289079
Max Muncy,2023,0.786703473,0.790097103,0.808437067
Masataka Yoshida,2023,0.860790327,0.866469222,0.78299621
Wander Franco,2023,0.798526742,0.797360717,0.819308641
Brandon Lowe,2023,0.816548649,0.780374787,0.770952473
Steven Kwan,2023,0.726416832,0.765110865,0.71021279
Daulton Varsho,2023,0.822054933,0.746586942,0.6739684
Shohei Ohtani,2023,0.881045175,0.865123534,1.066381453
Ty France,2023,0.777387467,0.778560182,0.70311127
Ha-Seong Kim,2023,0.699024609,0.71344164,0.748816214
Randy Arozarena,2023,0.783993709,0.761913395,0.788596768
Anthony Volpe,2023,0.724477356,0.692229964,0.665958101
Jonah Heim,2023,0.723387167,0.698768093,0.75500203
Yasmani Grandal,2023,0.749182607,0.743334213,0.64748495
Harrison Bader,2023,0.737526668,0.715679764,0.62201486
Trent Grisham,2023,0.711945961,0.710104473,0.66635782
Ketel Marte,2023,0.821809777,0.772769744,0.843523049
Jeremy Pena,2023,0.714962121,0.706838763,0.705092018
Luis Robert Jr.,2023,0.78286924,0.799720492,0.857378779
Willson Contreras,2023,0.767468604,0.757765444,0.825589314
Isaac Paredes,2023,0.776889783,0.763493563,0.839818888
Jeff McNeil,2023,0.771716552,0.769912395,0.71111111
Jorge Polanco,2023,0.790140988,0.767108583,0.788919351
Ryan McMahon,2023,0.767178474,0.762113963,0.752799689
Javier Baez,2023,0.711041439,0.704533306,0.592889463
Nico Hoerner,2023,0.710485272,0.743715849,0.729309375
Miguel Vargas,2023,0.757517594,0.742543287,0.671823261
Kyle Schwarber,2023,0.847327678,0.822203001,0.816559828
Bobby Witt Jr.,2023,0.774549194,0.760405497,0.813443099
J.P. Crawford,2023,0.687882977,0.704250054,0.817729806
Endy Rodriguez,2023,0.749725275,0.728232024,NA
Yandy Diaz,2023,0.781601234,0.801984605,0.931904761
Gleyber Torres,2023,0.761447606,0.774137997,0.799746324
Salvador Perez,2023,0.809359942,0.764682936,0.714320628
Oneil Cruz,2023,0.762917372,0.770077182,NA
Justin Turner,2023,0.805212794,0.764783587,0.800245055
Brett Baty,2023,0.754541646,0.725045457,0.59827085
Anthony Santander,2023,0.790384463,0.759177064,0.796776339
Luis Urias,2023,0.75500171,0.735745496,NA
Jake Alu,2023,0.733336408,0.701966828,NA
Andrew Benintendi,2023,0.771392082,0.752747584,0.681678337
Mike Yastrzemski,2023,0.769313283,0.736300569,0.775269848
Enrique Hernandez,2023,0.741196074,0.707396955,0.646359325
Alex Verdugo,2023,0.793658954,0.770061574,0.745165686
Ke'Bryan Hayes,2023,0.688019925,0.719835643,0.762012723
Jose Miranda,2023,0.787773762,0.758145718,NA
Christian Walker,2023,0.786800102,0.788370839,0.829896906
Cal Raleigh,2023,0.734136079,0.728395737,0.761939998
Ramon Urias,2023,0.748043877,0.708250048,0.703282828
Ian Happ,2023,0.757061697,0.756935887,0.791381804
Ryan Mountcastle,2023,0.803293022,0.755193988,0.779196217
Francisco Alvarez,2023,0.728672854,0.699871215,0.720860717
Yoan Moncada,2023,0.742357452,0.733279602,0.730471828
Josh Rojas,2023,0.722540789,0.709288554,0.641047825
Jazz Chisholm Jr.,2023,0.77007182,0.767835255,0.761051284
Amed Rosario,2023,0.709594392,0.72574786,0.683018527
Travis d'Arnaud,2023,0.77315064,0.726218057,0.684674977
Jose Abreu,2023,0.801557865,0.79239408,0.679629629
Joey Gallo,2023,0.755830133,0.722957196,0.740921131
Hunter Renfroe,2023,0.803757165,0.783143532,0.713107905
Seiya Suzuki,2023,0.839676429,0.812758332,0.842212193
Riley Greene,2023,0.729217176,0.720765823,0.795647639
Gavin Lux,2023,0.729001959,0.740753163,NA
Adolis Garcia,2023,0.750189215,0.70427822,0.835639753
Andrew Vaughn,2023,0.817691015,0.779622172,0.743149759
David Villar,2023,0.743854194,0.707112591,NA
Kolten Wong,2023,0.717403421,0.712075896,0.519392857
Jordan Westburg,2023,0.70213935,0.689474267,NA
Cody Bellinger,2023,0.714150828,0.719255077,0.881165207
Rhys Hoskins,2023,0.80266943,0.778364647,NA
Miguel Rojas,2023,0.676337202,0.679867898,0.611864145
Dylan Carlson,2023,0.738962563,0.743039959,0.650980391
Austin Meadows,2023,0.818454401,0.765125494,NA
Jeimer Candelario,2023,0.743746958,0.720809841,0.806939301
Eugenio Suarez,2023,0.714175484,0.712684428,0.714070917
James Outman,2023,0.725964929,0.700209363,0.789586688
Spencer Steer,2023,0.756224387,0.713834758,0.820308502
Anthony Rendon,2023,0.818635423,0.783131811,NA
Keibert Ruiz,2023,0.734635816,0.750081362,0.717007001
Adam Frazier,2023,0.689373831,0.693157726,0.695631067
Brandon Crawford,2023,0.722092268,0.70657564,0.587214904
Starling Marte,2023,0.741906874,0.744000882,0.624694478
Josh Donaldson,2023,0.727315408,0.714465942,NA
Taylor Ward,2023,0.799273805,0.785321736,0.756311639
Kris Bryant,2023,0.872084643,0.811760916,0.680099501
Tim Anderson,2023,0.755247473,0.743964149,0.582405585
Gio Urshela,2023,0.775769492,0.71626026,NA
Tyler O'Neill,2023,0.778798023,0.757243759,0.715391419
Paul DeJong,2023,0.686296948,0.659137376,0.612338709
Teoscar Hernandez,2023,0.769496939,0.759161909,0.740509734
Yainer Diaz,2023,0.734044583,0.709975188,0.845720476
Jorge Mateo,2023,0.669450996,0.633069921,0.607064501
Santiago Espinal,2023,0.702168415,0.714066875,0.644306417
Nathaniel Lowe,2023,0.799220118,0.808968947,0.774622437
Addison Barger,2023,0.727174997,0.70131918,NA
Christian Yelich,2023,0.758619758,0.773303225,0.817525891
Christian Vazquez,2023,0.676601547,0.678322239,0.597703829
Oswald Peraza,2023,0.685523576,0.681325956,NA
Luis Arraez,2023,0.782518036,0.764023497,0.861498256
Joey Meneses,2023,0.775952805,0.757408984,0.722138769
Danny Jansen,2023,0.75861806,0.766425855,0.786172955
Shea Langeliers,2023,0.686687235,0.684258985,0.680840088
Thairo Estrada,2023,0.741123083,0.72380442,0.731255955
Alec Burleson,2023,0.740007815,0.736497327,0.690767735
Bo Naylor,2023,0.666457023,0.67061563,NA
Nick Ahmed,2023,0.686197816,0.648455374,NA
MJ Melendez,2023,0.779181281,0.758526007,0.713363209
Austin Hays,2023,0.740839187,0.724907235,0.769319108
Josh Smith,2023,0.701635885,0.677565417,NA
Brendan Rodgers,2023,0.785847093,0.771142226,NA
Andy Pages,2023,0.730368245,0.683584967,NA
Rowdy Tellez,2023,0.806176867,0.812334147,0.666804077
Myles Straw,2023,0.634907894,0.654393831,0.597318046
Vaughn Grissom,2023,0.697625836,0.730990876,NA
Patrick Wisdom,2023,0.743758582,0.690332299,0.789036544
Carson Kelly,2023,0.734511612,0.702401857,NA
Vinnie Pasquantino,2023,0.826117596,0.836596674,0.761553761
Jorbit Vivas,2023,0.69200035,0.610889071,NA
Ezequiel Tovar,2023,0.75668497,0.756241024,0.695029944
Lars Nootbaar,2023,0.767696507,0.776271235,0.784374239
Matt McLain,2023,0.74013938,0.643419674,0.864169414
Wilmer Flores,2023,0.761232735,0.736852494,0.863267525
Jacob Stallings,2023,0.652192903,0.649583984,0.564695331
Mike Zunino,2023,0.728325728,0.664683606,NA
Anthony Rizzo,2023,0.780920344,0.805421897,0.705807058
Max Kepler,2023,0.730109429,0.744696918,0.815993824
Alek Thomas,2023,0.710832279,0.728790725,0.64683155
Nolan Gorman,2023,0.753777702,0.714435298,0.805418718
Joey Ortiz,2023,0.657525606,0.675711332,NA
Ryan Jeffers,2023,0.707920264,0.666682387,0.858090549
Royce Lewis,2023,0.751731602,0.773462292,NA
Austin Nola,2023,0.710737628,0.713122071,NA
Adam Duvall,2023,0.793444512,0.692249965,0.834366147
Adalberto Mondesi,2023,0.700879241,0.664816152,NA
Michael Conforto,2023,0.769340018,0.762195056,0.718279006
Mitch Haniger,2023,0.768942563,0.770479557,NA
Luis Rengifo,2023,0.70841866,0.716479671,0.783488278
William Contreras,2023,0.750399496,0.75833395,0.824620521
Jean Segura,2023,0.716410402,0.724573078,0.555992843
Leody Taveras,2023,0.670615549,0.669242608,0.732903348
Michael Brantley,2023,0.777089208,0.765157631,NA
Brendan Donovan,2023,0.699321417,0.742869875,0.786883212
Noelvi Marte,2023,0.748178184,0.63390299,NA
Mike Tauchman,2023,0.67884058,0.648933596,0.739354599
Donovan Walton,2023,0.721553952,0.675737915,NA
Maikel Garcia,2023,0.668091743,0.649865366,0.680715818
Gary Sanchez,2023,0.740881216,0.690063144,0.780056179
Tony Kemp,2023,0.695150103,0.69879451,0.607019227
Sal Frelick,2023,0.698813586,0.719132417,NA
Logan O'Hoppe,2023,0.728328012,0.720955581,NA
Mark Canha,2023,0.750410959,0.735478059,0.755029585
Jose Siri,2023,0.661392388,0.700730233,0.76130047
Jason Vosler,2023,0.76097692,0.682740568,NA
Alec Bohm,2023,0.732651161,0.733432637,0.764608227
Davis Schneider,2023,0.696741014,0.654402381,NA
Bryson Stott,2023,0.687732172,0.70938307,0.747441915
Nicky Lopez,2023,0.660161956,0.649613988,0.632248061
Tyler Stephenson,2023,0.74547627,0.732583703,0.695709323
Chris Taylor,2023,0.723290615,0.681691403,0.745639176
Omar Narvaez,2023,0.69658006,0.672106736,NA
Kevin Padlo,2023,0.714331289,0.661372125,NA
Justin Foscue,2023,0.734124814,0.67513917,NA
Jake McCarthy,2023,0.724565004,0.726893807,0.644268774
Ramon Laureano,2023,0.728084416,0.709528464,0.67564658
Alexander Canario,2023,0.700499277,0.683999027,NA
Orelvis Martinez,2023,0.705764192,0.64662549,NA
Luis Garcia Jr.,2023,0.722438766,0.721559798,0.688321775
Jake Meyers,2023,0.688229842,0.673153714,0.678064705
Miles Mastrobuoni,2023,0.705844831,0.686196625,NA
Cavan Biggio,2023,0.708881755,0.704987042,0.7104789
Jesse Winker,2023,0.780429023,0.786945199,NA
Kevin Kiermaier,2023,0.659733226,0.653566774,0.740786239
Nick Allen,2023,0.607597941,0.625703026,0.550286606
Edouard Julien,2023,0.697502443,0.684759476,0.839415261
Kramer Robertson,2023,0.632505176,0.611887949,NA
Jurickson Profar,2023,0.795020262,0.766351516,0.689345567
Brandon Belt,2023,0.814056557,0.748683823,0.858487397
Brice Turang,2023,0.641591996,0.653538001,0.584898208
Gabriel Moreno,2023,0.711137727,0.733765119,0.747098317
Tyrone Taylor,2023,0.745545415,0.700831026,NA
Mitch Garver,2023,0.788815483,0.715027152,0.87026239
Michael Stefanic,2023,0.69436737,0.695559707,NA
Ceddanne Rafaela,2023,0.713819412,0.684627621,NA
Rafael Ortega,2023,0.712177416,0.695939277,NA
Seth Brown,2023,0.7529531,0.735564689,0.691719961
Trayce Thompson,2023,0.740660523,0.713044184,NA
Jesus Sanchez,2023,0.740187906,0.73860037,0.776683291
Yuli Gurriel,2023,0.817879446,0.695647796,0.663011769
Christian Bethancourt,2023,0.678733523,0.696750246,0.634728815
Christian Encarnacion-Strand,2023,0.791575364,0.750924182,NA
Michael Busch,2023,0.730931495,0.671649004,NA
Austin Barnes,2023,0.701947438,0.684497128,NA
Abraham Toro,2023,0.733202829,0.712657015,NA
Connor Norby,2023,0.719580794,0.699771589,NA
Juan Yepez,2023,0.79077381,0.752384925,NA
Brett Wisely,2023,0.682664578,0.657131744,NA
Enmanuel Valdez,2023,0.739153197,0.696146545,NA
Carlos Perez,2023,0.668064877,0.665894734,NA
Alex Call,2023,0.715161758,0.711832618,0.614006115
Max Stassi,2023,0.655181314,0.64928558,NA
Josh Lowe,2023,0.682184579,0.673994422,0.835329341
Lewin Diaz,2023,0.744568164,0.680670446,NA
Esteury Ruiz,2023,0.679780498,0.677089351,0.653853556
Giancarlo Stanton,2023,0.799583542,0.81835564,0.69518397
Tom Murphy,2023,0.704672721,0.69836445,NA
Brian Anderson,2023,0.726165414,0.681251058,0.678173835
Connor Wong,2023,0.73905818,0.706779834,0.672944743
Joey Wendle,2023,0.716287456,0.687913934,0.554016353
Mark Vientos,2023,0.719484935,0.71313779,NA
Matt Mervis,2023,0.759718734,0.738754479,NA
Jarren Duran,2023,0.713781892,0.675762687,0.828188097
Eduardo Escobar,2023,0.70880447,0.704606675,0.613230519
Austin Slater,2023,0.743645223,0.715959905,NA
Josh Bell,2023,0.742593325,0.792225426,0.743850418
Pedro Leon,2023,0.664262255,0.594807326,NA
Victor Robles,2023,0.648901099,0.64386725,NA
Nick Fortes,2023,0.684126285,0.709397887,0.561819727
Tyler Freeman,2023,0.67734874,0.704515596,NA
Colton Cowser,2023,0.696536786,0.688003016,NA
Jonathan India,2023,0.749217438,0.743348049,0.745863277
Mark Payton,2023,0.723507114,0.703391098,NA
Wil Myers,2023,0.793823797,0.740503497,NA
Mauricio Dubon,2023,0.692321006,0.675324362,0.720077992
Luis Torrens,2023,0.697661897,0.671765698,NA
TJ Friedl,2023,0.743243522,0.724144821,0.819402895
Ryan Kreidler,2023,0.651282051,0.633283148,NA
Sam Huff,2023,0.679700294,0.666726225,NA
Jacob Amaya,2023,0.658772345,0.622573285,NA
Michael A. Taylor,2023,0.657050555,0.657553383,0.720175598
Josh Harrison,2023,0.70113234,0.681847616,NA
C.J. Cron,2023,0.808743169,0.793858481,0.729072555
Carlos Perez,2023,0.654295206,0.665894734,NA
Eddys Leonard,2023,0.669810285,0.600970022,NA
Damiano Palmegiani,2023,0.722540606,0.593609829,NA
Edmundo Sosa,2023,0.680050487,0.661955778,0.719452589
Jason Martin,2023,0.737806497,0.672158331,NA
Christopher Morel,2023,0.713278731,0.705332225,0.82081607
David Peralta,2023,0.726700991,0.721370625,0.674549521
Jakson Reetz,2023,0.696054547,0.639661372,NA
Brian Serven,2023,0.694717686,0.680675198,NA
Ezequiel Duran,2023,0.699099299,0.678764845,0.767550666
Gabriel Arias,2023,0.677088305,0.681671774,0.62774327
Jonathan Schoop,2023,0.69250457,0.685073324,NA
Mark Mathias,2023,0.717901218,0.675363959,NA
Brayan Rocchio,2023,0.674932282,0.654916242,NA
Josh Naylor,2023,0.765967951,0.794080651,0.842473406
Eloy Jimenez,2023,0.807900882,0.819660615,0.757762888
Cesar Salazar,2023,0.664516476,0.618576097,NA
Connor Joe,2023,0.740649109,0.707774776,0.760290556
Drew Waters,2023,0.706964298,0.685241502,0.677186707
Joc Pederson,2023,0.776154503,0.783117695,0.764436411
Jonny DeLuca,2023,0.742669771,0.714522492,NA
Taylor Walls,2023,0.642618593,0.631019698,0.637931034
Domingo Leyba,2023,0.689912951,0.634930329,NA
Lourdes Gurriel Jr.,2023,0.775466893,0.765084812,0.771916539
Dylan Moore,2023,0.71530623,0.656577317,NA
Brandon Drury,2023,0.720487221,0.72779941,0.802834558
Nick Solak,2023,0.76982481,0.716127053,NA
Charles Leblanc,2023,0.679569942,0.638216271,NA
Marcell Ozuna,2023,0.763032859,0.747559473,0.904774349
Jose Trevino,2023,0.613962279,0.666445571,NA
Yadier Molina,2023,0.635695758,NA,NA
Dixon Machado,2023,0.662760131,0.625133757,NA
Oswaldo Cabrera,2023,0.679306963,0.69676247,0.573887075
Whit Merrifield,2023,0.676482331,0.692991964,0.699651662
Roberto Perez,2023,0.615800866,0.617715957,NA
Garrett Mitchell,2023,0.697868664,0.674608517,NA
Michael Massey,2023,0.704093567,0.702452278,0.654754164
Pete Crow-Armstrong,2023,0.686211401,0.621645946,NA
Andrew Stevenson,2023,0.698258739,0.672543272,NA
Luis Gonzalez,2023,0.675469487,0.672798269,NA
J.D. Davis,2023,0.773870052,0.728465671,0.737867647
C.J. Hinojosa,2023,0.696501259,0.648829419,NA
J.D. Martinez,2023,0.7766792,0.752034128,0.892513975
Cesar Hernandez,2023,0.669164607,0.65789176,NA
Edgar Quero,2023,0.721159698,0.568713424,NA
Jorge Soler,2023,0.771135712,0.756421203,0.853284071
Josh Jung,2023,0.753571429,0.692423083,0.781090302
Eric Haase,2023,0.703361345,0.696692323,0.527597239
Triston Casas,2023,0.792419149,0.771364451,0.856044353
Mike Brosseau,2023,0.722874312,0.660117998,NA
Andrelton Simmons,2023,0.597848462,0.606082093,NA
Chas McCormick,2023,0.699443125,0.685826815,0.841903921
Curtis Mead,2023,0.715612389,0.699724192,NA
Jake Cave,2023,0.710896802,0.677935162,NA
Kyle Farmer,2023,0.655240743,0.682742737,0.724811265
Evan Longoria,2023,0.730758583,0.715742037,NA
Vidal Brujan,2023,0.655394389,0.657268311,NA
Spencer Torkelson,2023,0.746958211,0.722591809,0.758410051
Alex De Goti,2023,0.649801066,0.597679109,NA
Jake Fraley,2023,0.785362952,0.744509182,0.782926064
Lenyn Sosa,2023,0.664467364,0.672787658,NA
Nick Loftin,2023,0.686109507,0.640630264,NA
Hoy Park,2023,0.667621135,0.638458479,NA
Edwin Arroyo,2023,0.695335343,0.547960879,NA
Andres Alvarez,2023,0.665639746,0.61593466,NA
Andre Lipcius,2023,0.667491401,0.672718767,NA
Elly De La Cruz,2023,0.726497852,0.70287184,0.710263297
Elvis Andrus,2023,0.654520112,0.67557019,0.661992473
CJ Abrams,2023,0.682687927,0.690049339,0.711587153
Jose Salas,2023,0.624168514,0.53677029,NA
Austin Wells,2023,0.675254628,0.679880464,NA
David Hamilton,2023,0.654517456,0.643742781,NA
Reese McGuire,2023,0.697047497,0.659491649,NA
Travis Swaggerty,2023,0.672572774,0.649549947,NA
Manuel Margot,2023,0.671987046,0.708350705,0.685729596
Sean Bouchard,2023,0.790741049,0.775286306,NA
Yunior Severino,2023,0.675596673,0.652612752,NA
James McCann,2023,0.678115914,0.649632966,NA
Kyle Stowers,2023,0.728488226,0.714265447,NA
Kevin Alcantara,2023,0.661685477,0.547344624,NA
Carlos Santana,2023,0.73786399,0.745794164,0.747346159
Nick Castellanos,2023,0.766804835,0.742596937,0.787513747
Drew Ellis,2023,0.649844779,0.640284703,NA
Manny Pina,2023,0.679663002,0.670964929,NA
David Fletcher,2023,0.652760929,0.670372626,NA
Oscar Gonzalez,2023,0.730609063,0.754420636,NA
Kerry Carpenter,2023,0.744789752,0.736328256,0.811161147
Kyle Manzardo,2023,0.779332478,0.742244178,NA
oscar Mercado,2023,0.679876602,0.663544673,NA
Luis Guillorme,2023,0.679937304,0.701330619,NA
Kody Clemens,2023,0.678611575,0.668185223,NA
Ildemaro Vargas,2023,0.66296915,0.663047211,0.666482344
Vimael Machin,2023,0.669528708,0.66915535,NA
Orlando Arcia,2023,0.689569752,0.712437544,0.740907482
Alan Trejo,2023,0.728516938,0.70058047,NA
Franmil Reyes,2023,0.766611542,0.733054933,NA
Brett Sullivan,2023,0.651674628,0.616740524,NA
Kevin Smith,2023,0.616582551,0.632132433,NA
Coco Montes,2023,0.718115985,0.68553638,NA
Yan Gomes,2023,0.680676443,0.684029429,0.723412762
Nick Madrigal,2023,0.668282385,0.696135336,0.663270536
Brett Harris,2023,0.651586132,0.647620035,NA
Robbie Grossman,2023,0.705678729,0.676371366,0.734243895
Peyton Burdick,2023,0.685782557,0.651563783,NA
Keston Hiura,2023,0.767525595,0.685595626,NA
Nick Maton,2023,0.670880282,0.657192465,0.592892115
Will Brennan,2023,0.687592543,0.725938089,0.655382579
Ben DeLuzio,2023,0.654067557,0.633445924,NA
Darick Hall,2023,0.733110176,0.731518518,NA
Stuart Fairchild,2023,0.738149722,0.688443175,0.709556424
Juan Centeno,2023,0.64595916,0.615568057,NA
Dominic Fletcher,2023,0.678287698,0.674342657,NA
Mitchell Tolman,2023,0.66495421,0.627302128,NA
Luis Campusano,2023,0.672745224,0.691147347,NA
Jarred Kelenic,2023,0.709294913,0.693226826,0.746277914
Zach McKinstry,2023,0.725131516,0.679677189,0.653618684
Jake Rogers,2023,0.654998372,0.653958609,0.729823046
Ji Hwan Bae,2023,0.686341211,0.704594194,0.607572897
Eguy Rosario,2023,0.678286546,0.669335707,NA
Kyle Higashioka,2023,0.67475761,0.690601625,0.687354414
Daniel Vogelbach,2023,0.747323393,0.755227744,0.742194356
Mason McCoy,2023,0.596238437,0.56032652,NA
Terrin Vavra,2023,0.697306356,0.68542062,NA
Trey Mancini,2023,0.735355462,0.728475955,0.635020786
Bryan Ramos,2023,0.659644195,0.654230413,NA
Randal Grichuk,2023,0.760959669,0.75501473,0.779119824
Tyler Gentry,2023,0.73471245,0.712942767,NA
Greg Allen,2023,0.710245613,0.640023154,NA
Christian Arroyo,2023,0.741885201,0.73057068,NA
Jordan Walker,2023,0.679371007,0.699306044,0.787173578
Jordan Luplow,2023,0.757816971,0.721293249,NA
Victor Caratini,2023,0.666828113,0.685092031,NA
Taylor Jones,2023,0.736763437,0.67298843,NA
Connor Hollis,2023,0.651937448,0.644108162,NA
Jonah Bride,2023,0.676982097,0.679927672,NA
Luis Barrera,2023,0.652406417,0.641317304,NA
Armando Alvarez,2023,0.675427678,0.63907461,NA
Isan Diaz,2023,0.713535918,0.652185175,NA
Yohel Pozo,2023,0.67638484,0.661695339,NA
Dairon Blanco,2023,0.683631453,0.655783165,NA
Yonathan Daza,2023,0.726730533,0.711535648,NA
Zack Short,2023,0.6369606,0.608990028,0.631366515
Jose Herrera,2023,0.630345769,0.62163741,NA
Justin Dirden,2023,0.719225621,0.672834921,NA
Ripken Reyes,2023,0.634720396,0.58660259,NA
Jared Walsh,2023,0.758578607,0.745048689,NA
Trey Sweeney,2023,0.634770889,0.613657786,NA
Bryan De La Cruz,2023,0.732621177,0.728159732,0.71505354
Vaun Brown,2023,0.726882757,0.625076529,NA
Wynton Bernard,2023,0.674638586,0.670925798,NA
Joe Rizzo,2023,0.675593392,0.635160124,NA
Hudson Haskin,2023,0.670488133,0.663977195,NA
Stone Garrett,2023,0.703888889,0.69464508,0.800548539
Jack Suwinski,2023,0.74711349,0.720976078,0.793090012
Dalton Guthrie,2023,0.665095662,0.643062159,NA
Curtis Terry,2023,0.739785083,0.685791756,NA
Francisco Mejia,2023,0.692646219,0.681338784,NA
Osleivis Basabe,2023,0.63716122,0.654937261,NA
Sheldon Neuse,2023,0.634649069,0.653992148,NA
Jared Triolo,2023,0.657931516,0.673604815,NA
Curt Casali,2023,0.719417147,0.655655904,NA
Brian O'Keefe,2023,0.634243572,0.595358842,NA
Korey Lee,2023,0.661156731,0.619076373,NA
Elehuris Montero,2023,0.747146342,0.763249663,0.715958618
Rene Pinto,2023,0.632655967,0.635418155,NA
Andrew Navigato,2023,0.634309436,0.635523673,NA
Maverick Handley,2023,0.630642361,0.609671366,NA
Brett Phillips,2023,0.656985842,0.60253289,NA
Kevin Pillar,2023,0.734608079,0.672978372,NA
Marcus Wilson,2023,0.701153217,0.639433176,NA
Alex Jackson,2023,0.684558349,0.597857898,NA
Nick Sogard,2023,0.664610259,0.635958991,NA
Alex Binelas,2023,0.692368724,0.634261388,NA
George Valera,2023,0.734397589,0.687332165,NA
Joey Wiemer,2023,0.662962963,0.664203182,0.645324649
Daz Cameron,2023,0.655265921,0.632357226,NA
Ali Sanchez,2023,0.629931973,0.608442359,NA
Andrew McCutchen,2023,0.737678131,0.723358299,0.775871414
Joey Bart,2023,0.670391923,0.644190688,NA
Ronaldo Hernandez,2023,0.698175388,0.668040855,NA
Brandon Marsh,2023,0.646365019,0.658109514,0.829470685
Rob Refsnyder,2023,0.76505229,0.727199413,NA
Sergio Alcantara,2023,0.64091734,0.636492333,NA
Kyle Isbel,2023,0.678624214,0.688269473,0.662188268
Danny Mendick,2023,0.642429856,0.627429844,NA
Diego Cartaya,2023,0.717790389,0.589670791,NA
Tomas Telis,2023,0.661114058,0.631467191,NA
Caleb Durbin,2023,0.636952615,0.548636631,NA
John Nogowski,2023,0.683941284,0.630744855,NA
Seth Beer,2023,0.740763754,0.687170445,NA
Israel Pineda,2023,0.622533658,0.611500825,NA
Willie MacIver,2023,0.63745972,0.637048671,NA
Edwin Rios,2023,0.707460906,0.673964138,NA
Tucker Barnhart,2023,0.614878893,0.621786782,NA
Jeremiah Jackson,2023,0.703457338,0.622082728,NA
Spencer Horwitz,2023,0.702152769,0.69516366,NA
Austin Hedges,2023,0.5654147,0.598947422,NA
Michael Gigliotti,2023,0.627665996,0.608844411,NA
Coby Mayo,2023,0.682970648,0.645883634,NA
Andy Ibanez,2023,0.713535828,0.68263574,0.744102593
Andres Chaparro,2023,0.694925518,0.721160815,NA
Jose Iglesias,2023,0.664577789,0.677105583,NA
Kean Wong,2023,0.585355961,0.574759538,NA
Oscar Colas,2023,0.690931373,0.714854329,0.570990694
Josh Lester,2023,0.727038219,0.667271979,NA
Lane Thomas,2023,0.729952429,0.71653664,0.783402132
Freddy Fermin,2023,0.680741087,0.646127113,NA
Angel Martinez,2023,0.657985242,0.642821368,NA
Luis Liberato,2023,0.647853224,0.631826075,NA
Cal Stevenson,2023,0.637958709,0.653306393,NA
Wenceel Perez,2023,0.672048253,0.655527796,NA
Clay Dungan,2023,0.646544789,0.599783721,NA
Warming Bernabel,2023,0.743811765,0.653751872,NA
Matthew Batten,2023,0.601886063,0.606490146,NA
Jace Peterson,2023,0.666479925,0.673439147,0.611224948
Levi Jordan,2023,0.635766783,0.632605169,NA
Josh VanMeter,2023,0.687941161,0.663102796,NA
Dillon Thomas,2023,0.689042811,0.632587075,NA
Jasson Dominguez,2023,0.626335761,0.593393048,NA
Allan Cerda,2023,0.701172765,0.650826748,NA
Riley Unroe,2023,0.667492999,0.586433539,NA
Yonny Hernandez,2023,0.600991519,0.609364319,NA
Ronny Mauricio,2023,0.639992563,0.629801101,NA
Akil Baddoo,2023,0.699880048,0.685822374,0.681654025
Rodolfo Castro,2023,0.6779132,0.696268939,0.618460903
Clint Coulter,2023,0.741782141,0.693486664,NA
Scott Manea,2023,0.611802308,0.581437326,NA
Felix Valerio,2023,0.640198807,0.615910198,NA
Robert Neustrom,2023,0.694906403,0.651618058,NA
Jose Rodriguez,2023,0.661232958,0.649857429,NA
Tyler Heineman,2023,0.673466161,0.640464053,NA
Donovan Solano,2023,0.711456545,0.70257559,0.759751832
Niko Goodrum,2023,0.66213365,0.61534125,NA
Kevin Cron,2023,0.756458343,0.620064264,NA
Odubel Herrera,2023,0.680240962,0.713669304,NA
Adam Haseley,2023,0.657289754,0.648678421,NA
Ernie Clement,2023,0.62817614,0.631954461,NA
Brendon Davis,2023,0.673527143,0.6631533,NA
Tanner Morris,2023,0.63481958,0.641845346,NA
Rougned Odor,2023,0.679604503,0.673577995,NA
Conner Capel,2023,0.661474315,0.683313782,NA
Brenton Doyle,2023,0.699645845,0.710503166,0.593358395
Will Benson,2023,0.747869398,0.695332856,0.86299948
Buddy Kennedy,2023,0.66539217,0.666049689,NA
Carter Kieboom,2023,0.680469922,0.691375104,NA
Jordan Groshans,2023,0.657271175,0.681864681,NA
Ryan LaMarre,2023,0.683489171,0.66201466,NA
Patrick Bailey,2023,0.650856456,0.557655269,0.643795989
LaMonte Wade Jr.,2023,0.744458699,0.707383757,0.79006495
Seby Zavala,2023,0.629801084,0.593966758,NA
Jose Torres,2023,0.615126526,0.543238147,NA
Phillip Sikes,2023,0.695392545,0.572226894,NA
Ryan Fitzgerald,2023,0.673425499,0.612359922,NA
Zach Remillard,2023,0.612677762,0.602698278,NA
Geraldo Perdomo,2023,0.620844429,0.640977361,0.712152711
Robert Hassell III,2023,0.616208333,0.668788072,NA
Sam Hilliard,2023,0.66438137,0.65526828,NA
Matt Davidson,2023,0.729064039,0.702487615,NA
Mikey Perez,2023,0.6471256,0.544039699,NA
Nick Pratto,2023,0.735689891,0.699478131,0.660187552
Jon Berti,2023,0.652944415,0.671470738,0.74824107
Luke Maile,2023,0.700431452,0.635903034,NA
Luke Voit,2023,0.759835837,0.71999021,NA
Aristides Aquino,2023,0.741637673,0.63917055,NA
Niko Kavadas,2023,0.750569146,0.689882485,NA
Matt Thaiss,2023,0.688561117,0.670870455,0.658912897
Emmanuel Rivera,2023,0.687382479,0.699397619,0.672464285
Dillon Dingler,2023,0.603726056,0.613469998,NA
Jake Slaughter,2023,0.650398919,0.635044278,NA
Leo Jimenez,2023,0.664391354,0.5510926,NA
Yonathan Perlaza,2023,0.690042695,0.682733761,NA
Edward Olivares,2023,0.724229087,0.72104348,0.768860517
Dustin Garneau,2023,0.644042232,0.593268947,NA
Nolan Jones,2023,0.758038808,0.746745253,0.931385275
Skye Bolt,2023,0.678234678,0.657248231,NA
Bubba Thompson,2023,0.648372373,0.63058583,NA
Pavin Smith,2023,0.721492952,0.709570442,NA
Austin Allen,2023,0.677673111,0.645544701,NA
Joey Votto,2023,0.763095238,0.732975123,NA
Nelson Cruz,2023,0.74009434,0.716378739,NA
Brewer Hicklen,2023,0.67832854,0.641054507,NA
Nate Eaton,2023,0.672629437,0.656806216,NA
Vinny Capra,2023,0.679545236,0.680336138,NA
Kameron Misner,2023,0.602242121,0.613607239,NA
Orlando Martinez,2023,0.648937617,0.645660434,NA
Blake Sabol,2023,0.682770156,0.675837456,0.694717977
Ji Man Choi,2023,0.752326894,0.747353982,NA
Stephen Scott,2023,0.677568866,0.645274319,NA
Matt Carpenter,2023,0.730419985,0.729960153,NA
Blaze Alexander,2023,0.632960665,0.64673427,NA
Garrett Cooper,2023,0.748667833,0.740338968,0.723588828
Jason Heyward,2023,0.681930866,0.685307023,0.812626084
Victor Reyes,2023,0.695080235,0.667245242,NA
Otto Lopez,2023,0.652393475,0.679907832,NA
Esteban Quiroz,2023,0.697627521,0.658999023,NA
Jason Krizan,2023,0.719820139,0.660926351,NA
Richie Palacios,2023,0.677342643,0.68451237,NA
Samad Taylor,2023,0.692913608,0.676977764,NA
Robel Garcia,2023,0.679317932,0.639530749,NA
Blake Perkins,2023,0.607573112,0.608323432,NA
Jorge Alfaro,2023,0.688508334,0.662692932,NA
Brennen Davis,2023,0.651667166,0.654677447,NA
Garrett Stubbs,2023,0.668316321,0.655052384,NA
Max Schuemann,2023,0.601930712,0.58198595,NA
Michael Chavis,2023,0.703255952,0.68723417,NA
Riley Adams,2023,0.681375533,0.663169482,NA
Nick Gordon,2023,0.71978097,0.686199486,NA
Johan Mieses,2023,0.732865131,0.662327707,NA
Nomar Mazara,2023,0.714121037,0.68282089,NA
Ricardo Genoves,2023,0.607266123,0.596296935,NA
Eric Hosmer,2023,0.738966428,0.746260303,NA
Nick Gonzales,2023,0.671025641,0.658701155,NA
Mark Kolozsvary,2023,0.598519908,0.567064197,NA
Diego Castillo,2023,0.665967582,0.668932179,NA
Kevin Made,2023,0.617253009,0.528425958,NA
Jon Singleton,2023,0.688073352,0.646841366,NA
Mario Feliciano,2023,0.675935704,0.669362654,NA
Cristian Santana,2023,0.688672076,0.631667147,NA
Shay Whitcomb,2023,0.594711109,0.571296187,NA
David Hensley,2023,0.691646736,0.670480379,NA
Avisail Garcia,2023,0.681369863,0.696950272,NA
Taylor Motter,2023,0.699081545,0.653701306,NA
Darin Ruf,2023,0.722884013,0.717298382,NA
Wendell Rijo,2023,0.653387978,0.649395047,NA
John Valente,2023,0.64863479,0.655731004,NA
Romy Gonzalez,2023,0.646377,0.648362309,NA
Alejo Lopez,2023,0.68277512,0.69472159,NA
Ben Gamel,2023,0.669460387,0.680238547,NA
Rafael Lantigua,2023,0.628110586,0.625230012,NA
Chase Strumpf,2023,0.619478987,0.609212715,NA
Lorenzo Quintana,2023,0.690250965,0.64824718,NA
Austin Wynns,2023,0.654027566,0.664762662,NA
Luke Raley,2023,0.698964041,0.674258732,0.823529411
Tim Locastro,2023,0.659272705,0.621013261,NA
Patrick Mazeika,2023,0.664522581,0.656191198,NA
Chase Pinder,2023,0.611795034,0.635614993,NA
Brett Cumberland,2023,0.611758046,0.57487085,NA
Tyler Wade,2023,0.632679739,0.616998307,NA
Tim Tawa,2023,0.646341463,0.621649724,NA
Cade Marlowe,2023,0.647128615,0.612855411,NA
Ivan Castillo,2023,0.653926796,0.60366993,NA
Parker Meadows,2023,0.643454871,0.642209829,NA
David Fry,2023,0.667841131,0.656267459,NA
Tyler Fitzgerald,2023,0.615520515,0.600173552,NA
Josh Crouch,2023,0.617395273,0.577595292,NA
Livan Soto,2023,0.612459038,0.621798611,NA
Adam Engel,2023,0.629918699,0.629789745,NA
Elijah Dunham,2023,0.669727047,0.665503687,NA
Yu Chang,2023,0.700392157,0.67081915,NA
Michael Papierski,2023,0.609683608,0.604127537,NA
Luis Matos,2023,0.652695588,0.579506397,0.660830362
Marcelo Mayer,2023,0.69012395,0.574426717,NA
Tyler Naquin,2023,0.699762573,0.706704772,NA
Marco Luciano,2023,0.652305879,0.572262762,NA
Albert Pujols,2023,0.750143124,NA,NA
Rafael Marchan,2023,0.606948194,0.607661993,NA
Franchy Cordero,2023,0.727927245,0.697600916,NA
Devin Mann,2023,0.685957132,0.651299962,NA
Jonathan Ornelas,2023,0.60898112,0.614635668,NA
Alex Kirilloff,2023,0.711556753,0.735624851,0.792802239
Joe Dunand,2023,0.596043759,0.572328561,NA
Logan Porter,2023,0.709209627,0.664877925,NA
Jonathan Morales,2023,0.653618114,0.642092736,NA
Brett Auerbach,2023,0.628614264,0.620261729,NA
Dominic Miroglio,2023,0.671355671,0.626603944,NA
Ivan Herrera,2023,0.645072574,0.644847926,NA
Greg Jones,2023,0.58806093,0.563205564,NA
Cadyn Grenier,2023,0.595731325,0.563888113,NA
Cooper Hummel,2023,0.666173048,0.669401691,NA
James Wood,2023,0.672342193,0.578284916,NA
Wyatt Young,2023,0.6124733,0.639896474,NA
Parker Bates,2023,0.625942347,0.536604679,NA
DJ Stewart,2023,0.696996047,0.653047926,NA
Rylan Bannon,2023,0.643656346,0.626969931,NA
Nathan Lukes,2023,0.66319161,0.643537828,NA
Casey Schmitt,2023,0.647505721,0.674606339,0.579585123
Bryce Johnson,2023,0.633853308,0.602812123,NA
Willi Castro,2023,0.679963495,0.67439785,0.749680864
Darell Hernaiz,2023,0.605319943,0.607024325,NA
Jesus Bastidas,2023,0.636898381,0.636378878,NA
Jonathan Davis,2023,0.631815203,0.623478758,NA
Yairo Munoz,2023,0.68919745,0.700775141,NA
Jorge Barrosa,2023,0.660418614,0.663029609,NA
Zach Reks,2023,0.737432644,0.659647705,NA
Max Ferguson,2023,0.598343206,0.501170651,NA
Wyatt Mathisen,2023,0.644979984,0.597586669,NA
Aledmys Diaz,2023,0.674276129,0.709383541,0.616391317
Andrew Knizner,2023,0.639767077,0.647395846,NA
J.J. Matijevic,2023,0.704595469,0.688172185,NA
Johan Rojas,2023,0.598887155,0.613557399,NA
Ryan McKenna,2023,0.64413672,0.61924919,NA
Andrew Velazquez,2023,0.616063577,0.595406807,NA
Xavier Edwards,2023,0.631537257,0.618419052,NA
Michael Siani,2023,0.643093748,0.633127216,NA
Cal Mitchell,2023,0.709783531,0.736648001,NA
Daniel Schneemann,2023,0.586610928,0.562575579,NA
Sam Haggerty,2023,0.634635158,0.64701352,NA
Andruw Monasterio,2023,0.635550533,0.608607619,0.67767646
Jose Fermin,2023,0.635222284,0.621033392,NA
Ryan Noda,2023,0.668918919,0.666513632,0.770040303
Kaden Polcovich,2023,0.58684042,0.573017978,NA
Quincy Nieporte,2023,0.711115257,0.69347346,NA
Arquimedes Gamboa,2023,0.590466583,0.57374643,NA
Cesar Prieto,2023,0.628607038,0.641106531,NA
Jake Burger,2023,0.676884825,0.708533305,0.827551941
C.J. Chatham,2023,0.624335936,0.632207276,NA
Jo Adell,2023,0.715441204,0.677879866,NA
Anthony Alford,2023,0.689215686,0.639531839,NA
John Rave,2023,0.642452301,0.628072922,NA
Luis Vazquez,2023,0.598106042,0.562426293,NA
Hunter Owen,2023,0.643088445,0.631390219,NA
Jordan Lawlar,2023,0.665288803,0.654189338,NA
Corey Julks,2023,0.71617778,0.663759011,0.649562615
Kyren Paris,2023,0.643021819,0.608049235,NA
Kevin Newman,2023,0.680741229,0.682149043,0.675201416
Hunter Stovall,2023,0.674000309,0.685971553,NA
Eli White,2023,0.630537099,0.611376123,NA
Joe Perez,2023,0.636849991,0.647298459,NA
Jacob Nottingham,2023,0.636019737,0.581773456,NA
Kellen Strahm,2023,0.62493672,0.625951277,NA
Trevor Hauver,2023,0.66813082,0.635193977,NA
Corey Joyce,2023,0.630345629,0.635858596,NA
Luke Waddell,2023,0.69772296,0.655937605,NA
Taylor Trammell,2023,0.637017355,0.665171937,NA
Gavin Sheets,2023,0.717904439,0.740830056,0.59863157
Abraham Almonte,2023,0.720203657,0.685516969,NA
Frank Schwindel,2023,0.71960142,0.694070914,NA
John Aiello,2023,0.685549458,0.675328511,NA
Ben Rortvedt,2023,0.603858407,0.602955777,NA
Will Toffey,2023,0.633744164,0.598896301,NA
Donny Sands,2023,0.660468364,0.663374844,NA
Chavez Young,2023,0.619851663,0.637890113,NA
AJ Pollock,2023,0.702311334,0.714106155,NA
Tyler Neslony,2023,0.707968662,0.689072567,NA
Tomas Nido,2023,0.586353945,0.61118064,NA
Mason Auer,2023,0.631278348,0.575730898,NA
Ryan Casteel,2023,0.693155604,0.660468987,NA
Mike Moustakas,2023,0.761980342,0.709756246,0.684791567
Deven Marrero,2023,0.568844121,0.575094989,NA
Aaron Zavala,2023,0.680892495,0.686178289,NA
Raimel Tapia,2023,0.70597639,0.70524414,NA
Erick Mejia,2023,0.641161692,0.601780258,NA
Francisco Urbaez,2023,0.671678322,0.669781972,NA
Aaron Hicks,2023,0.666236389,0.704371012,0.73546373
Ronaiker Palma,2023,0.647773366,0.606086498,NA
Brandon Valenzuela,2023,0.575169218,0.534613429,NA
Michael Helman,2023,0.628884462,0.614902607,NA
Cody Milligan,2023,0.623828607,0.616904144,NA
Ryan Vilade,2023,0.634110648,0.620818995,NA
Jimmy Herron,2023,0.720627769,0.726437328,NA
Narciso Crook,2023,0.71270454,0.6789828,NA
Jancarlos Cintron,2023,0.624939125,0.622383883,NA
JJ Bleday,2023,0.656982942,0.64955641,0.665699773
Gosuke Katoh,2023,0.630118229,0.626773512,NA
David Bote,2023,0.650832651,0.675349096,NA
Jack Mayfield,2023,0.660920697,0.626763188,NA
Nick Yorke,2023,0.648612491,0.572025766,NA
Straton Podaras,2023,0.688088967,0.522774198,NA
Lewis Brinson,2023,0.67396468,0.635926173,NA
Jhonny Pereda,2023,0.640563725,0.631637179,NA
Max McDowell,2023,0.579220038,0.544464515,NA
Tommy La Stella,2023,0.662196922,0.69301132,NA
Tommy Pham,2023,0.668982683,0.679176497,0.774491717
Jonathan Aranda,2023,0.69598587,0.716759788,NA
Estevan Florial,2023,0.631705765,0.644002468,NA
Cole Freeman,2023,0.62522604,0.608400447,NA
Tucker Bradley,2023,0.683454584,0.670469644,NA
Daniel Palka,2023,0.729070368,0.695082936,NA
Dustin Harris,2023,0.721650375,0.693610996,NA
Chris Owings,2023,0.628961268,0.591152398,NA
Scott Hurst,2023,0.600770342,0.626990119,NA
Matt Gorski,2023,0.624652098,0.645742523,NA
Quincy Hamilton,2023,0.645748939,0.656178761,NA
Ryan Dorow,2023,0.630713304,0.597398592,NA
A.J. Vukovich,2023,0.638511191,0.655179353,NA
Matt Wallner,2023,0.693740152,0.687934402,0.877120993
Devin Foyle,2023,0.610407648,0.62217406,NA
Aaron Antonini,2023,0.551421099,0.577856054,NA
Delino DeShields,2023,0.563043259,0.557468035,NA
Preston Tucker,2023,0.676253725,0.654408184,NA
Liover Peguero,2023,0.624009957,0.628563453,NA
Ronald Torreyes,2023,0.625082478,0.605190635,NA
David MacKinnon,2023,0.679121755,0.685692711,NA
Aderlin Rodriguez,2023,0.71630094,0.674824244,NA
Zac Cook,2023,0.626131712,0.586452316,NA
Jermaine Palacios,2023,0.627514208,0.624168632,NA
Jecksson Flores,2023,0.581534221,0.58584076,NA
Meibrys Viloria,2023,0.619262396,0.620253054,NA
Chad Pinder,2023,0.706141094,0.666317286,NA
Travis Blankenhorn,2023,0.671849277,0.673260236,NA
Eric Brown Jr.,2023,0.660925311,NA,NA
Greg Cullen,2023,0.639716081,0.653069161,NA
Jose Peraza,2023,0.635233059,0.607121657,NA
Ronnie Dawson,2023,0.66811635,0.625632271,NA
Abrahan Gutierrez,2023,0.610788541,0.551923112,NA
Colton Welker,2023,0.611360334,0.657078795,NA
Hao-Yu  Lee,2023,0.652280444,0.553964551,NA
Jeremy Eierman,2023,0.560380952,0.533188362,NA
Pedro Pages,2023,0.572661253,0.586919309,NA
Sandro Fabian,2023,0.674042595,0.643752873,NA
Zach Britton,2023,0.650485992,0.617497736,NA
Zack Gelof,2023,0.640350877,0.632062609,0.840370369
Willians Astudillo,2023,0.745980382,0.715603038,NA
Nick Senzel,2023,0.678285623,0.690514744,0.695640792
Justyn-Henry Malloy,2023,0.666020927,0.674924732,NA
Henry Davis,2023,0.737237548,0.657064531,0.653071895
Devlin Granberg,2023,0.70284749,0.687367008,NA
Evan Carter,2023,0.647999229,0.623367065,NA
Jose Barrero,2023,0.630105514,0.589257142,NA
Richie Martin,2023,0.630608315,0.616751655,NA
Hanser Alberto,2023,0.655147649,0.661030226,NA
Steele Walker,2023,0.63965673,0.641069675,NA
Elih Marrero,2023,0.574798619,0.584730862,NA
Eddy Alvarez,2023,0.685848252,0.635714933,NA
Yadiel Hernandez,2023,0.722233366,0.706025783,NA
BJ Boyd,2023,0.687413798,0.649982238,NA
Steven Duggar,2023,0.607154701,0.609734952,NA
Jake Fox,2023,0.620515606,0.50729731,NA
Matt Duffy,2023,0.671615243,0.669133779,NA
Blaine Crim,2023,0.700221004,0.668498497,NA
John Hicks,2023,0.674806714,0.637467743,NA
Ramon Rodriguez,2023,0.612835042,0.53454022,NA
Christin Stewart,2023,0.740613099,0.642961515,NA
Dominic Smith,2023,0.721063575,0.732830439,0.692162474
Tim Lopes,2023,0.648311688,0.601768855,NA
Josh Morgan,2023,0.620296095,0.594314863,NA
Travis Jankowski,2023,0.598732927,0.64265288,0.688627161
Kevin Plawecki,2023,0.667663351,0.694387864,NA
Darren Baker,2023,0.576827321,0.630534532,NA
Owen Miller,2023,0.640908287,0.654226845,0.67368179
Bret Boswell,2023,0.662750644,0.660312707,NA
Nate Mondou,2023,0.622599037,0.602610514,NA
Nic Gaddis,2023,0.616934351,NA,NA
Weston Wilson,2023,0.637575817,0.622724952,NA
Braden Bishop,2023,0.648847377,0.630295346,NA
Mike Antico,2023,0.609848485,0.608214225,NA
Denzel Clarke,2023,0.592134698,0.52337317,NA
Jimmy Glowenke,2023,0.613517638,0.5342531,NA
Sean Roby,2023,0.624883761,0.62749095,NA
Elliot Soto,2023,0.582127136,0.56178134,NA
John Rhodes,2023,0.648285599,0.627418103,NA
Drew Millas,2023,0.583778272,0.596125315,NA
Drew Avans,2023,0.649407964,0.634035919,NA
Tristin English,2023,0.629277873,0.621711237,NA
Bobby Dalbec,2023,0.721629213,0.705456806,NA
Oliver Dunn,2023,0.61777483,0.601191139,NA
Christian Sepulveda,2023,0.642597038,0.522830529,NA
Alex Dickerson,2023,0.716477273,0.688170434,NA
Oscar Campos,2023,0.635727456,0.451566628,NA
Braden Shewmake,2023,0.645845767,0.635168823,NA
Jack Larsen,2023,0.63260446,0.623881108,NA
Nathan Hickey,2023,0.754331183,0.575806391,NA
Collin Burns,2023,0.584769759,0.539406061,NA
Nick Ciuffo,2023,0.579671285,0.582858419,NA
Martin Maldonado,2023,0.577658909,0.62524681,0.606294146
Gavin Collins,2023,0.600327332,0.575105469,NA
Simon Muzziotti,2023,0.623986613,0.652183123,NA
Korry Howell,2023,0.590885343,0.621017382,NA
Nick Dini,2023,0.677948773,0.639543496,NA
Payton Henry,2023,0.572693564,0.585385116,NA
Jair Camargo,2023,0.594913336,0.600702122,NA
Juniel Querecuto,2023,0.625434243,0.603412314,NA
Aaron Schunk,2023,0.654277286,0.675438017,NA
Joe Hudson,2023,0.582673993,0.591810717,NA
Evan Mendoza,2023,0.564275003,0.576042774,NA
William Simoneit,2023,0.598098049,0.592769488,NA
Kyle Garlick,2023,0.765905625,0.699224755,NA
Pat Valaika,2023,0.616204889,0.580610976,NA
Jackie Bradley Jr.,2023,0.606927995,0.634736077,NA
Jeter Downs,2023,0.643386562,0.60449941,NA
Micah Pries,2023,0.67147179,0.673743472,NA
Trevor Larnach,2023,0.68884787,0.686491639,NA
Jose Tena,2023,0.615968833,0.632603875,NA
Stephen Vogt,2023,0.661248671,0.638920389,NA
Jake Marisnick,2023,0.62440427,0.639891498,NA
Juan Graterol,2023,0.61959644,0.590140135,NA
Brandon Dixon,2023,0.732122791,0.705445634,NA
Milan Tolentino,2023,0.553578337,0.513964867,NA
Kyle Holder,2023,0.643429735,0.541549829,NA
Quincy McAfee,2023,0.623988985,0.587432485,NA
Luis Santana,2023,0.623543003,0.630161643,NA
Jimmy Govern,2023,0.666347703,0.627204364,NA
Kyle Lewis,2023,0.727436888,0.723758487,NA
Lucius Fox,2023,0.59534622,0.585415535,NA
Ryan Lavarnway,2023,0.656227572,0.626147935,NA
Steven Souza Jr.,2023,0.674803635,0.618900237,NA
Adeiny Hechavarria,2023,0.672802794,0.621302942,NA
Miguel Sano,2023,0.743529412,0.714468713,NA
Tres Barrera,2023,0.610988358,0.605967448,NA
Tyler Black,2023,0.635526943,0.560071869,NA
Bradley Zimmer,2023,0.614768998,0.587869298,NA
Trenton Brooks,2023,0.681115073,0.661607843,NA
Alsander Womack,2023,0.639637257,0.55851132,NA
Nelson Velazquez,2023,0.682605761,0.66824233,NA
Austin Martin,2023,0.64157475,0.622048176,NA
Robinson Chirinos,2023,0.650976333,0.611257097,NA
Chadwick Tromp,2023,0.662274554,0.627610282,NA
Charlie Blackmon,2023,0.757578247,0.753881757,0.803307545
Isiah Kiner-Falefa,2023,0.638126957,0.671308988,0.646046352
Magneuris Sierra,2023,0.599198718,0.619645906,NA
Tyler White,2023,0.703224834,0.689990854,NA
Josh Kasevich,2023,0.620552819,0.486485654,NA
Michael Perez,2023,0.562997252,0.607287397,NA
Richard Urena,2023,0.606844584,0.595607204,NA
Bryson Brigman,2023,0.605731768,0.606394454,NA
Pablo Reyes,2023,0.661036654,0.650374765,NA
Anthony Prato,2023,0.642189235,0.618840768,NA
Christian Koss,2023,0.658462439,0.634102157,NA
Cam Devanney,2023,0.619688076,0.595789825,NA
Bligh Madris,2023,0.665614233,0.671919052,NA
Jonathan Villar,2023,0.64302287,0.674324935,NA
Ryan Bliss,2023,0.587311229,0.521728112,NA
Julio E. Rodriguez,2023,0.607634165,0.609247599,NA
Grant McCray,2023,0.624867031,0.558969761,NA
Corey Dickerson,2023,0.716028207,0.720721382,NA
J.P. Martinez,2023,0.630067319,0.618255698,NA
Johnny Rizer,2023,0.645128146,NA,NA
Nick Heath,2023,0.586645349,0.575734211,NA
Daniel Vellojin,2023,0.639742464,0.607907664,NA
Dominic Canzone,2023,0.716209744,0.708914457,NA
Jake Noll,2023,0.675933667,0.649057725,NA
Rob Brantly,2023,0.632654512,0.620684813,NA
Brady Policelli,2023,0.616873483,0.573543854,NA
Jose Caballero,2023,0.597617427,0.604745799,0.663203462
Michael De La Cruz,2023,0.668942931,0.620720864,NA
Nick Dalesandro,2023,0.551758755,0.579826796,NA
Zach DeLoach,2023,0.637990581,0.617241304,NA
Didi Gregorius,2023,0.684733914,0.670079856,NA
Yermin Mercedes,2023,0.707289947,0.682148195,NA
Anthony Bemboom,2023,0.597350462,0.600812035,NA
Irving Lopez,2023,0.591594438,0.584809957,NA
Beau Taylor,2023,0.586251548,0.58039677,NA
Matthew Lugo,2023,0.637963751,0.583834989,NA
Gage Workman,2023,0.588759481,0.58100688,NA
Joshua Mears,2023,0.615715039,0.578455666,NA
Alan Roden,2023,0.642611684,0.513596258,NA
Matt Reynolds,2023,0.680050804,0.649507775,NA
Austin Dean,2023,0.716848893,0.672616503,NA
Andy Thomas,2023,0.563961119,0.53606409,NA
Tim Beckham,2023,0.719269677,0.674322295,NA
Ryan Ward,2023,0.681147842,0.667596088,NA
Masyn Winn,2023,0.61768631,0.619628886,NA
Grae Kessinger,2023,0.580285172,0.555433053,NA
Chase Calabuig,2023,0.619613255,0.630782705,NA
Yolmer Sanchez,2023,0.627036045,0.596570501,NA
Jack Blomgren,2023,0.653694132,0.5955489,NA
Jake Mangum,2023,0.658730159,0.656884268,NA
Nick Banks,2023,0.617665307,0.598790147,NA
Chandler Seagle,2023,0.491178335,0.503211245,NA
Cooper Bowman,2023,0.551065163,0.494406732,NA
Jared Oliva,2023,0.640360409,0.634965818,NA
Christian Lopes,2023,0.609034692,0.574002163,NA
Tyler Nevin,2023,0.645640948,0.677510888,NA
Noah Mendlinger,2023,0.609168804,0.540152815,NA
Yoelqui Cespedes,2023,0.624469707,0.62495373,NA
Grant Williams,2023,0.590922426,0.562197591,NA
Drew Maggi,2023,0.610881104,0.573238258,NA
Ender Inciarte,2023,0.614640963,0.614803389,NA
Derek Hill,2023,0.614935961,0.62055806,NA
Adrian Sanchez,2023,0.620572683,0.609920669,NA
Jackson Chourio,2023,0.655362308,0.600375338,NA
Cam Gallagher,2023,0.59410802,0.604265775,NA
Michael Guldberg,2023,0.576975456,0.623546427,NA
Darius Hill,2023,0.647507331,0.683101117,NA
DJ Peters,2023,0.615727947,0.64871625,NA
Justin Yurchak,2023,0.704739961,0.681520159,NA
Alika Williams,2023,0.584633828,0.528448822,NA
Max Wagner,2023,0.665882353,NA,NA
Wilyer Abreu,2023,0.671717576,0.653109762,NA
Wilmer Difo,2023,0.625583706,0.622303519,NA
Adam Hackenberg,2023,0.589389267,0.584470296,NA
Jake Lamb,2023,0.697728979,0.671644743,NA
Logan Davidson,2023,0.560228861,0.551137871,NA
Evan White,2023,0.670228266,0.643858616,NA
Eduardo Valencia,2023,0.629072682,0.494296988,NA
Steward Berroa,2023,0.595040033,0.616264109,NA
Osiris Johnson,2023,0.589502546,0.515420135,NA
Davis Wendzel,2023,0.631028328,0.584974358,NA
Brandon Lockridge,2023,0.610973387,0.628066926,NA
Taylor Kohlwey,2023,0.640895916,0.659547779,NA
Hunter Goodman,2023,0.760499109,0.752064559,NA
Travis Demeritte,2023,0.67348433,0.646562258,NA
Deyvison De Los Santos,2023,0.643461228,0.666891341,NA
Jesus Aguilar,2023,0.678727269,0.71210615,NA
Sandy Leon,2023,0.564446949,0.565916757,NA
Yeiner Fernandez,2023,0.640304975,0.552652819,NA
Malcom Nunez,2023,0.669355303,0.669149978,NA
Thomas Milone,2023,0.594224924,0.602117297,NA
Andrew Bechtold,2023,0.600444408,0.592244142,NA
Anthony Seigler,2023,0.616076265,0.540668633,NA
Eli Wilson,2023,0.585714286,0.525046845,NA
Cal Conley,2023,0.631206453,0.535925839,NA
Izaac Pacheco,2023,0.603280522,0.538030776,NA
Zach Neto,2023,0.670004786,0.656755954,0.685089458
Ivan Johnson,2023,0.628506591,0.609721758,NA
Brooks Lee,2023,0.65408384,0.551288743,NA
Canaan Smith-Njigba,2023,0.652490145,0.711892583,NA
Yolbert Sanchez,2023,0.608470043,0.617381028,NA
Brandon Leyton,2023,0.628675922,0.547627384,NA
P.J. Higgins,2023,0.674190819,0.650572883,NA
Ronald Guzman,2023,0.655826558,0.650070958,NA
Mickey Moniak,2023,0.67139957,0.65062052,0.801678395
Jake Holton,2023,0.653397817,0.596819366,NA
Chris Hudgins,2023,0.534240363,0.542449207,NA
Jay Allen II,2023,0.621454545,0.5284012,NA
Stevie Berman,2023,0.635404554,0.59262243,NA
Braiden Ward,2023,0.646580512,0.581657895,NA
Jason Castro,2023,0.62745098,0.615661385,NA
Daniel Cope,2023,0.716226415,0.686299079,NA
Matthew Barefoot,2023,0.617190866,0.609683309,NA
Euribiel Angeles,2023,0.565178253,0.553242038,NA
Aramis Garcia,2023,0.581462397,0.620883815,NA
Will Wilson,2023,0.604309801,0.599705017,NA
Taylor Gushue,2023,0.630463287,0.575809563,NA
Grant Witherspoon,2023,0.632931364,0.631301531,NA
Evan Skoug,2023,0.634975578,0.585243169,NA
Jesse Franklin V,2023,0.682658331,0.667242715,NA
Justin Dean,2023,0.583032767,0.59776873,NA
Matt Lipka,2023,0.623339055,0.593879582,NA
Billy McKinney,2023,0.628394286,0.652627364,NA
Mat Nelson,2023,0.55734544,0.49293479,NA
Ernie Yake,2023,0.553418803,0.625877365,NA
Willie Calhoun,2023,0.707207207,0.717049564,NA
Nick Podkul,2023,0.599578913,0.577252044,NA
Will Wagner,2023,0.614777247,0.618778784,NA
Lorenzo Cedrola,2023,0.598946523,0.614205752,NA
Mark Contreras,2023,0.612369053,0.623524185,NA
Corey Rosier,2023,0.646265253,0.579190907,NA
Ruben Cardenas,2023,0.651921334,0.637680827,NA
Harold Ramirez,2023,0.698590657,0.741384033,0.812534562
Jordan Qsar,2023,0.643421788,0.617803702,NA
Francisco Acuna,2023,0.600298201,0.520921377,NA
Ryan O'Hearn,2023,0.686754242,0.703321378,0.801294671
Tanner Murray,2023,0.621295475,0.544304821,NA
Nick Meyer,2023,0.579135933,0.573696411,NA
Zach Humphreys,2023,0.621345444,0.627176915,NA
Heliot Ramos,2023,0.634852256,0.637784511,NA
Niko Hulsizer,2023,0.638268483,0.62934189,NA
Ford Proctor,2023,0.623771585,0.606356848,NA
Deivy Grullon,2023,0.676503232,0.629570744,NA
Carter Bins,2023,0.595743728,0.581314348,NA
Travis Shaw,2023,0.682695811,0.644249566,NA
Will Holland,2023,0.580870787,0.551436629,NA
Bryan Lavastida,2023,0.643500117,0.624760199,NA
Chuckie Robinson,2023,0.628920863,0.628623204,NA
Alex Blandino,2023,0.549298505,0.549417467,NA
Griffin Conine,2023,0.640946225,0.618030334,NA
Cade Bunnell,2023,0.611818129,0.560899362,NA
Daniel Robertson,2023,0.564812441,0.57411117,NA
Scott Kapers,2023,0.58646978,0.564628448,NA
Connor Kaiser,2023,0.640918902,0.609102862,NA
Terrance Gore,2023,0.523472331,0.528633259,NA
Matt Koperniak,2023,0.639614645,0.658453972,NA
Demetrius Sims,2023,0.567569977,0.539647102,NA
Kyle Martin,2023,0.674757401,0.626003642,NA
Scott Kingery,2023,0.614499473,0.579022789,NA
Marty Costes,2023,0.68075136,0.655442541,NA
Scott Heineman,2023,0.597792494,0.600620845,NA
Max Schrock,2023,0.644499541,0.635727729,NA
Ray-Patrick Didder,2023,0.596434255,0.577301365,NA
Carter Aldrete,2023,0.631442487,0.644310095,NA
Will Frizzell,2023,0.735931452,0.583714645,NA
Diego Hernandez,2023,0.615388363,0.6420526,NA
Johan Lopez,2023,0.573302469,0.555104355,NA
Jose Ramos,2023,0.670425101,0.577397629,NA
Pedro Severino,2023,0.639592767,0.63517986,NA
Rodolfo Duran,2023,0.581869497,0.624743451,NA
Hernan Perez,2023,0.639109532,0.623649345,NA
Colt Keith,2023,0.645243696,0.580822713,NA
Jose Peroza,2023,0.591459742,0.534358627,NA
Spencer Packard,2023,0.641707572,0.595720604,NA
David Dahl,2023,0.647755141,0.660231654,NA
BJ Murray Jr.,2023,0.643788743,0.58055857,NA
Moises Gomez,2023,0.61903923,0.688837336,NA
Matt Beaty,2023,0.704437731,0.669158712,NA
Roy Morales,2023,0.661533642,0.650951874,NA
Jed Lowrie,2023,0.65401506,0.655333023,NA
Brian Navarreto,2023,0.591029455,0.590772216,NA
Justin Toerner,2023,0.591269971,0.576766666,NA
Gilbert Lara,2023,0.557228916,0.546729296,NA
Nick Dunn,2023,0.6092843,0.61837767,NA
Jake Palomaki,2023,0.583245,0.58839796,NA
Chad Wallach,2023,0.603915076,0.574610229,NA
Jackson Cluff,2023,0.542306691,0.533897944,NA
Zavier Warren,2023,0.591981132,0.607647988,NA
Alcides Escobar,2023,0.634022255,0.613093491,NA
Jose Briceno,2023,0.6232493,0.606482932,NA
Ehire Adrianza,2023,0.656129465,0.645300966,NA
Shane McGuire,2023,0.579531002,0.531838216,NA
Leonel Valera,2023,0.616632801,0.60106013,NA
Josh Stowers,2023,0.591452991,0.600911783,NA
Andy Weber,2023,0.57360346,0.602987952,NA
Yariel Gonzalez,2023,0.637303523,0.601639073,NA
Ronny Simon,2023,0.61031746,0.618270847,NA
Camden Duzenack,2023,0.61956446,0.581317048,NA
Logan Warmoth,2023,0.575228203,0.55171127,NA
Chris Rabago,2023,0.523273502,0.526331469,NA
Drew Stankiewicz,2023,0.603648556,0.571649452,NA
Luis Yanel Diaz,2023,0.635759494,0.54816465,NA
Logan Driscoll,2023,0.601415797,0.521955967,NA
Luis Garcia,2023,0.553523453,0.490365606,NA
Cody Bohanek,2023,0.529195402,0.517918005,NA
Paul McIntosh,2023,0.724022109,0.656499613,NA
Colby Fitch,2023,0.580451128,0.551840609,NA
Eric Yang,2023,0.59753645,0.574343765,NA
Matt Rudick,2023,0.589691558,0.530819396,NA
Nick Raposo,2023,0.598645791,0.613751923,NA
Jake Means,2023,0.588783619,0.566521524,NA
Cam Cannon,2023,0.577476517,0.607124518,NA
Cade Doughty,2023,0.711079646,0.497238476,NA
Hayden Cantrelle,2023,0.571476363,0.583229391,NA
Miguel Andujar,2023,0.708265394,0.715097087,NA
Luis Mieses,2023,0.634169279,0.644989723,NA
Troy Johnston,2023,0.656552422,0.645852766,NA
Brian Miller,2023,0.644734619,0.626921114,NA
Leury Garcia,2023,0.63164877,0.646244104,NA
Jack Winkler,2023,0.573680733,0.521216246,NA
Roman Quinn,2023,0.579111271,0.619753297,NA
Jayce Easley,2023,0.593380053,0.543880207,NA
Yoshi Tsutsugo,2023,0.674719888,0.682139298,NA
Jose Rojas,2023,0.666819222,0.648211847,NA
Joseph Odom,2023,0.538141026,0.519949396,NA
Jose Gomez,2023,0.568472906,0.555756932,NA
Ka'ai Tom,2023,0.672337285,0.618415295,NA
Donnie Dewees,2023,0.686946535,0.599148215,NA
Monte Harrison,2023,0.593474017,0.606073554,NA
CJ Alexander,2023,0.622208437,0.621194595,NA
Tyler Payne,2023,0.579148936,0.57924507,NA
Carlos Sepulveda,2023,0.56007984,0.591738252,NA
Josh Ockimey,2023,0.650830095,0.658916891,NA
LJ Talley,2023,0.60650723,0.627416985,NA
Johneshwy Fargas,2023,0.567537057,0.589489256,NA
Jose Devers,2023,0.593584071,0.57483102,NA
Dillon Paulson,2023,0.642577923,0.690288898,NA
Raynel Delgado,2023,0.570805824,0.592525333,NA
Luis De Los Santos,2023,0.595395877,0.591655041,NA
Drew Jackson,2023,0.57569391,0.580684479,NA
Dalvy Rosario,2023,0.578462383,0.522247699,NA
Andrew Young,2023,0.668650446,0.602982327,NA
Jaylin Davis,2023,0.613141697,0.600769979,NA
Peyton Wilson,2023,0.631448888,0.567276541,NA
Kelvin Gutierrez,2023,0.624392598,0.624758141,NA
Jahmai Jones,2023,0.620667831,0.624472155,NA
Thomas Saggese,2023,0.654581309,0.594130547,NA
Eric Thames,2023,0.650925926,0.646425927,NA
Khalil Lee,2023,0.618105656,0.618878771,NA
Santiago Chavez,2023,0.486254569,0.505984032,NA
Kole Cottam,2023,0.642271692,0.601473134,NA
Caleb Hamilton,2023,0.638813464,0.591845294,NA
Freddy Zamora,2023,0.582749151,0.600953942,NA
Heriberto Hernandez,2023,0.628235676,0.573952965,NA
Alex McKenna,2023,0.584511785,0.572882944,NA
Gilberto Celestino,2023,0.623047202,0.683028077,NA
Nicholas Northcut,2023,0.674547966,0.64919794,NA
Jake Scheiner,2023,0.667502089,0.621457272,NA
Bryce Ball,2023,0.640123397,0.643297542,NA
Cam Eden,2023,0.58225654,0.60234034,NA
Cristian Pache,2023,0.601879532,0.644912602,NA
Shed Long Jr.,2023,0.661218955,0.631914444,NA
Zach Green,2023,0.63995876,0.621190481,NA
Isaac Collins,2023,0.596585269,0.608509799,NA
Joe McCarthy,2023,0.668478869,0.680432314,NA
Mike Ford,2023,0.652759197,0.643476065,0.797595007
Jacob Robson,2023,0.634553149,0.602897324,NA
Ben Cowles,2023,0.561786516,0.517610921,NA
Jose Godoy,2023,0.579098131,0.589308018,NA
Albert Almora Jr.,2023,0.64973859,0.646476469,NA
Michael Hermosillo,2023,0.640066299,0.652312979,NA
Morgan McCullough,2023,0.611486486,0.605879436,NA
Jeisson Rosario,2023,0.598318698,0.647628597,NA
Patrick Dorrian,2023,0.60493853,0.598920956,NA
Colin Barber,2023,0.608751505,0.566493479,NA
Trei Cruz,2023,0.574143726,0.52124773,NA
TJ Hopkins,2023,0.669425985,0.646735872,NA
Derek Fisher,2023,0.620974808,0.63855919,NA
Elias Diaz,2023,0.7218975,0.718747194,0.725054373
Brent Diaz,2023,0.55367893,0.57629229,NA
Luis Aviles Jr.,2023,0.590614254,0.594109612,NA
Aaron Whitefield,2023,0.586018196,0.599804602,NA
Cole Sturgeon,2023,0.61779836,0.621933689,NA
Johan Camargo,2023,0.707029458,0.684197465,NA
Greg Bird,2023,0.630992131,0.62449349,NA
Jax Biggers,2023,0.567954938,0.590078123,NA
Alexander Campos,2023,0.581391487,0.505381934,NA
Adrian Pinto,2023,0.652936132,0.526454055,NA
Jordan Nwogu,2023,0.647810016,0.584184361,NA
Stefen Romero,2023,0.644236073,0.657076401,NA
DaShawn Keirsey Jr.,2023,0.567358422,0.598242309,NA
Leo Rivas,2023,0.547520489,0.571563207,NA
Everson Pereira,2023,0.645630726,0.671547543,NA
Robbie Tenerowicz,2023,0.60450972,0.599380113,NA
Shayne Fontana,2023,0.635334328,0.615953021,NA
Diosbel Arias,2023,0.611431101,0.605295312,NA
Julio Carreras,2023,0.663199426,0.678910111,NA
James Free,2023,0.620382817,0.612229818,NA
Garrett Hampson,2023,0.608857341,0.604173725,0.729488087
Brad Miller,2023,0.681984311,0.694760094,NA
Tzu-Wei Lin,2023,0.522351027,0.567741362,NA
Michael Cruz,2023,0.627959184,0.59951459,NA
Kurt Suzuki,2023,0.68398602,0.645714543,NA
David Freitas,2023,0.685751748,0.659606491,NA
Bubba Hollins,2023,0.580314971,0.582965569,NA
Colin Simpson,2023,0.700053132,0.654290136,NA
Eric Stamets,2023,0.539243074,0.513879365,NA
Jadher Areinamo,2023,0.580535003,0.4663011,NA
Jason Delay,2023,0.553811885,0.584229524,NA
Jose Azocar,2023,0.611538764,0.64211017,NA
Wilderd Patino,2023,0.587978097,0.542635688,NA
Phil Gosselin,2023,0.655922182,0.631185304,NA
Tirso Ornelas,2023,0.600153636,0.621095343,NA
Matt Scheffler,2023,0.562263288,0.5665212,NA
Kevin Kendall,2023,0.537597003,0.466730751,NA
Alerick Soularie,2023,0.587790187,0.517615561,NA
Jacob Buchberger,2023,0.575604938,0.562447649,NA
Heston Kjerstad,2023,0.620026525,0.562551691,NA
D.J. Peterson,2023,0.70435472,0.625470784,NA
Jake Rucker,2023,0.599215493,0.535662935,NA
Micael Ramirez,2023,0.561338436,0.503815498,NA
Garrett Hiott,2023,0.546936429,0.598724908,NA
Colson Montgomery,2023,0.620347981,0.626756469,NA
Andrew Knapp,2023,0.594584071,0.593426257,NA
Juan Zabala,2023,0.567078854,0.497337538,NA
Maikel Franco,2023,0.627311957,0.657231823,NA
Eddie Rosario,2023,0.683271613,0.698229264,0.754645162
Craig Dedelow,2023,0.61891218,0.57720152,NA
Patrick Frick,2023,0.542218252,0.551784049,NA
Eddy Diaz,2023,0.630333543,0.585075911,NA
Delvin Perez,2023,0.543591546,0.565463413,NA
Alexander Ovalles,2023,0.626765575,0.62660798,NA
Tristan Gray,2023,0.625617433,0.608236981,NA
Dalton Shuffield,2023,0.660372987,NA,NA
Michael Turconi,2023,0.611308117,0.491745626,NA
Terrell Tatum,2023,0.580668016,0.523990402,NA
Blake Hunt,2023,0.554228248,0.565665015,NA
Max Burt,2023,0.556874905,0.581125755,NA
Patrick Kivlehan,2023,0.657710365,0.645036013,NA
Jorge Bonifacio,2023,0.640468742,0.606758975,NA
Shawn Goosenberg,2023,0.51683717,0.484970612,NA
Erik Gonzalez,2023,0.541732138,0.590868472,NA
Riley Tirotta,2023,0.585499159,0.519860178,NA
Hunter Dozier,2023,0.721688781,0.683568559,NA
Luca Tresh,2023,0.675136668,0.640608596,NA
JJ Muno,2023,0.573410816,0.573734204,NA
Leandro Cedeno,2023,0.655360764,0.691781943,NA
Carlos Cortes,2023,0.608840961,0.588775572,NA
Dylan Beavers,2023,0.615213358,NA,NA
Brandon Lewis,2023,0.6599404,0.635495539,NA
Cam Coursey,2023,0.595110087,NA,NA
Braxton Martinez,2023,0.640114693,0.606725914,NA
Tyler Tolbert,2023,0.566901668,0.503048025,NA
Ethan Murray,2023,0.545234455,0.555154748,NA
Wes Clarke,2023,0.651350981,0.611445036,NA
Matt Fraizer,2023,0.611468797,0.634234527,NA
Pablo Olivares,2023,0.575153871,0.551264279,NA
Phillip Evans,2023,0.671140413,0.626180584,NA
Jon Rosoff,2023,0.529944257,0.563430477,NA
Bryce Windham,2023,0.611771873,0.603762045,NA
Nerio Rodriguez,2023,0.590483871,0.531288946,NA
Luke Ritter,2023,0.566426677,0.545324775,NA
Mickey McDonald,2023,0.582886797,0.590867634,NA
Hunter Feduccia,2023,0.676221805,0.621062539,NA
Mason Martin,2023,0.672104712,0.645342074,NA
Josh Breaux,2023,0.612359551,0.626941667,NA
Niko Decolati,2023,0.605551281,0.667820993,NA
Edgar Cabral,2023,0.561201502,0.564757406,NA
Trey Amburgey,2023,0.613030529,0.610155367,NA
Ismael Alcantara,2023,0.591636324,0.59910742,NA
Bryant Packard,2023,0.640307363,0.636982684,NA
Brandon Martorano,2023,0.611201563,0.59611165,NA
Frainyer Chavez,2023,0.57248785,0.589179297,NA
Connor Kokx,2023,0.611021639,0.553061255,NA
Joshua Day,2023,0.558801182,NA,NA
Phil Clarke,2023,0.608435013,0.610123527,NA
Seuly Matias,2023,0.6232986,0.609855691,NA
Billy Cook,2023,0.607303523,0.522832141,NA
Jose Colina,2023,0.514030612,0.423175801,NA
Tyler Callihan,2023,0.629230555,0.544905334,NA
Kyle Datres,2023,0.708309822,0.711906146,NA
Drew Swift,2023,0.487370235,0.489917999,NA
Brady Whalen,2023,0.641344325,0.650642033,NA
Austin Shenton,2023,0.619838752,0.630420512,NA
Laz Rivera,2023,0.587274615,0.590169063,NA
Justin Williams,2023,0.607748184,0.619980688,NA
Zac Veen,2023,0.678008703,0.693394683,NA
Matt Pita,2023,0.598243331,0.588791607,NA
Matt Whatley,2023,0.546862232,0.541505912,NA
Victor Mesa Jr.,2023,0.592603311,0.544247871,NA
Yorvis Torrealba,2023,0.646722624,0.580526582,NA
Rodolfo Nolasco,2023,0.598909108,0.500941548,NA
Austin Romine,2023,0.601063476,0.584418054,NA
Jerar Encarnacion,2023,0.654352227,0.65673521,NA
Robert Emery,2023,0.635296276,0.614934853,NA
Hunter Bishop,2023,0.564360131,0.526278296,NA
Ben Norman,2023,0.59106681,0.523044739,NA
Adrian Del Castillo,2023,0.624673709,0.517486437,NA
Cody Wilson,2023,0.478161947,0.549911787,NA
Drew Mount,2023,0.614652829,0.655188035,NA
Derek Dietrich,2023,0.607606218,0.602153335,NA
Jonny Butler,2023,0.517565217,0.51698365,NA
Jonathan Arauz,2023,0.581936826,0.634090942,NA
Gabriel Martinez,2023,0.67062871,0.615337995,NA
Cullen Large,2023,0.613238771,0.610224839,NA
John Andreoli,2023,0.600588912,0.560656594,NA
Austin Gauthier,2023,0.602615256,0.544472511,NA
Ben Metzinger,2023,0.547571962,0.502810577,NA
Jim Haley,2023,0.625355965,0.601613269,NA
Abiezel Ramirez,2023,0.591538842,0.490471293,NA
Juan Lagares,2023,0.609186352,0.63873004,NA
Taylor Snyder,2023,0.659332469,0.574372993,NA
Jordan Diaz,2023,0.671876075,0.682816599,0.63700813
Arden Pabst,2023,0.515946371,0.552597847,NA
Webster Rivas,2023,0.567690968,0.582352245,NA
Luis Verdugo,2023,0.57941602,0.537062266,NA
Chris Herrmann,2023,0.582501468,0.573115172,NA
Kendall Simmons,2023,0.618540046,0.530538213,NA
Nasim Nunez,2023,0.55564972,0.568717121,NA
Tyler Dearden,2023,0.673046421,0.66656299,NA
Alex McGarry,2023,0.685137823,0.665848958,NA
Nick Quintana,2023,0.606645776,0.619108393,NA
Nick Plummer,2023,0.6681642,0.647497305,NA
Xavier Fernandez,2023,0.614583333,0.633744009,NA
Tyler Hill,2023,0.703061359,0.591525311,NA
Chris Roller,2023,0.5781147,0.587712822,NA
Matt Vierling,2023,0.649360302,0.713121256,0.717231472
Marwin Gonzalez,2023,0.602225172,0.633896185,NA
Ryan Goins,2023,0.596549666,0.551554994,NA
Armond Upshaw,2023,0.558780969,0.591281307,NA
Donovan Casey,2023,0.606341362,0.602188444,NA
Stephen Piscotty,2023,0.642812933,0.64724698,NA
Sherten Apostel,2023,0.594179894,0.601930788,NA
Zach Davis,2023,0.537966538,0.578756686,NA
Michael Reed,2023,0.552684295,0.571501623,NA
Cobie Fletcher-Vance,2023,0.573905941,0.58374585,NA
Joshwan Wright,2023,0.553269792,0.522299685,NA
Jacob Hurtubise,2023,0.619047619,0.639165422,NA
D.J. Burt,2023,0.572810734,0.602777117,NA
Cesar Izturis Jr.,2023,0.512731481,0.532879198,NA
Garrett Whitley,2023,0.630392127,0.625172691,NA
Brent Rooker,2023,0.70089383,0.688921168,0.817018288
Tito Polo,2023,0.585304891,NA,NA
Blake Rutherford,2023,0.625274529,0.65224026,NA
Greg Deichmann,2023,0.574687581,0.577519825,NA
Michael Toglia,2023,0.703621701,0.717991915,NA
David Garcia,2023,0.557262007,0.56788166,NA
Tucupita Marcano,2023,0.637439614,0.647845754,NA
Alex De Jesus,2023,0.592939028,0.541367375,NA
Alfonso Rivas III,2023,0.622395384,0.647740704,NA
Colin Moran,2023,0.643790703,0.651769014,NA
C.J. Stubbs,2023,0.591122684,0.540122895,NA
Moises Castillo,2023,0.559816421,0.573455299,NA
Nick Kahle,2023,0.512923351,0.574215624,NA
Rubendy Jaquez,2023,0.59676619,0.524867263,NA
Isiah Gilliam,2023,0.69102228,0.619978938,NA
Corey Ray,2023,0.602761166,0.618675777,NA
Dane Myers,2023,0.652409242,0.657927233,NA
Will Banfield,2023,0.558585135,0.559944212,NA
David Banuelos,2023,0.538959039,0.545437066,NA
Norel Gonzalez,2023,0.681982885,0.646620594,NA
Michael Beltre,2023,0.604591497,0.624518564,NA
Sebastian  Rivero,2023,0.576780045,0.600546942,NA
Billy Hamilton,2023,0.484565217,0.519193336,NA
Ryan Aguilar,2023,0.606280708,0.608100226,NA
Diego Rincones,2023,0.66306757,0.687417816,NA
Joe Deluca,2023,0.51509612,NA,NA
Tyler Reichenborn,2023,0.589674999,0.546118714,NA
Bryce Teodosio,2023,0.54014517,0.554360178,NA
Connor Pavolony,2023,0.56744661,0.482613977,NA
Michael De Leon,2023,0.60263428,0.562410798,NA
Cody Morissette,2023,0.570460435,0.52339168,NA
Ed Howard,2023,0.526601581,0.490306347,NA
Wilson Garcia,2023,0.678263767,0.673018997,NA
Nash Knight,2023,0.587238126,0.553453967,NA
Charlie Culberson,2023,0.615157581,0.641506559,NA
Ryan Boldt,2023,0.594460419,0.620166712,NA
Kenedy Corona,2023,0.635789578,0.575119157,NA
JT Riddle,2023,0.583490073,0.57522418,NA
Roberto Alvarez,2023,0.561006706,0.591738005,NA
Imanol Vargas,2023,0.652099755,0.57177683,NA
Brady Lindsly,2023,0.552413273,0.568791375,NA
Aaron Sabato,2023,0.623802618,0.606492353,NA
Robert Robertis,2023,0.601393255,0.420355802,NA
Scott Ota,2023,0.614651136,NA,NA
Max Muncy,2023,0.55081817,0.790097103,0.808437067
Harold Castro,2023,0.73490852,0.711315433,0.589046424
Izzy Wilson,2023,0.650413223,0.646148031,NA
Henry Ramos,2023,0.61557377,0.687221629,NA
Brian Rey,2023,0.648691474,0.65362599,NA
Michael Berglund,2023,0.516791823,0.471818924,NA
Landon Stephens,2023,0.641596452,0.59489603,NA
Wil Dalton,2023,0.586040403,NA,NA
Aldrich De Jongh,2023,0.592987094,0.541965561,NA
Donta' Williams,2023,0.59126302,0.537345081,NA
Johnathan Rodriguez,2023,0.63308246,0.658064612,NA
Chris Okey,2023,0.629292929,0.579101433,NA
Ross Adolph,2023,0.612889458,0.602484328,NA
Tristen Lutz,2023,0.619709115,0.628626957,NA
Dustin Peterson,2023,0.655757455,0.639368566,NA
Jamie Westbrook,2023,0.665969624,0.6678505,NA
Shane Selman,2023,0.572595694,0.577173466,NA
Tyler Soderstrom,2023,0.639592865,0.659010205,NA
Alex Isola,2023,0.652494818,0.652630059,NA
Gabe Matthews,2023,0.629541864,0.608309985,NA
Bobby Bradley,2023,0.637264537,0.638402673,NA
Jack Kruger,2023,0.559965487,0.569386184,NA
Gabriel Rodriguez,2023,0.556727813,0.536373234,NA
Miguel Amaya,2023,0.627025131,0.651216925,NA
Mickey Gasper,2023,0.674648209,0.666219369,NA
Dermis Garcia,2023,0.626734158,0.642034883,NA
Cody Freeman,2023,0.613858364,0.531880758,NA
Luis Alexander Basabe,2023,0.517688047,0.612190143,NA
Kole Calhoun,2023,0.595298069,0.653462108,NA
Justin Connell,2023,0.623220974,0.623933174,NA
JJ Schwarz,2023,0.556925868,0.583150013,NA
Tony Wolters,2023,0.544198299,0.53346561,NA
Ivan Gonzalez,2023,0.555067729,0.594004505,NA
Roberto Ramos,2023,0.660815683,0.638182368,NA
Chandler Redmond,2023,0.620152066,0.615245677,NA
Gabriel Cancel,2023,0.595495495,0.586519743,NA
Jose Mena,2023,0.548923838,0.485903113,NA
Connor Scott,2023,0.630085132,0.645251699,NA
Luke Williams,2023,0.588902403,0.618067944,NA
Jose Curpa,2023,0.561416013,0.495705802,NA
Kody Hoese,2023,0.565183537,0.562635085,NA
Matt Adams,2023,0.622790888,0.676286536,NA
Luke Berryhill,2023,0.631666899,0.596714051,NA
Eduardo Garcia,2023,0.542606405,0.510938852,NA
Simon Whiteman,2023,0.521467974,0.53842461,NA
Alexfri Planez,2023,0.608646617,0.585101979,NA
Hayden Senger,2023,0.571235276,0.544325863,NA
Matt Winaker,2023,0.588207498,0.596015429,NA
Jake Hager,2023,0.617223893,0.601319404,NA
LJ Hatch,2023,0.595179277,0.543468314,NA
Aaron Palensky,2023,0.593309222,0.640600664,NA
Jhonkensy Noel,2023,0.686081184,0.674651561,NA
Wilmer Perez,2023,0.533530455,0.449754271,NA
Miguel Cabrera,2023,0.655776627,0.666249678,0.674915034
Jonathan Engelmann,2023,0.568601388,0.603564457,NA
Herbert Iser,2023,0.534061748,0.579070431,NA
Cody Roberts,2023,0.583799714,0.60321287,NA
Vince Fernandez,2023,0.625047345,0.649189233,NA
Dylan Harris,2023,0.571619497,0.583263459,NA
Nelson Maldonado,2023,0.647015202,0.667088857,NA
Chris Sharpe,2023,0.587239314,0.597506827,NA
Joshua Fuentes,2023,0.555657895,0.575299384,NA
Ty Kelly,2023,0.50748503,0.542024276,NA
Dasan Brown,2023,0.569883199,0.541045236,NA
Aaron Shackelford,2023,0.627680312,0.609370641,NA
Trent Giambrone,2023,0.553767661,0.540003291,NA
Blaze Jordan,2023,0.682687175,0.604180141,NA
Rainer Nunez,2023,0.652998224,0.596897207,NA
Jake Bauers,2023,0.616724306,0.633473127,0.692634904
Carson Taylor,2023,0.60596206,0.612388346,NA
Darryl Collins,2023,0.603081701,0.55520524,NA
Matt O'Neill,2023,0.477302326,0.440065767,NA
Jack Dunn,2023,0.574314341,0.602884718,NA
Carlos Reina,2023,0.486121721,0.422731614,NA
Cole Tucker,2023,0.636290202,0.625351321,NA
Chad Bell,2023,0.591719805,0.605845898,NA
Robinson Cano,2023,0.645929121,0.670746732,NA
Pedro Martinez,2023,0.545367892,0.492034425,NA
Tyler McDonough,2023,0.558794522,0.512839917,NA
Seth Gray,2023,0.558107561,0.521253012,NA
Yohendrick Pinango,2023,0.611228809,0.57672875,NA
Miguel Hiraldo,2023,0.580042578,0.526011064,NA
Ynmanol Marinez,2023,0.547655593,0.524858721,NA
Ethan Skender,2023,0.561051105,0.588161861,NA
Zach Daniels,2023,0.587957165,0.566724031,NA
Beau Philip,2023,0.538179844,0.487188419,NA
Robert Perez Jr.,2023,0.637376674,0.641633319,NA
Omar Meregildo,2023,0.624708836,0.625848102,NA
Fabian Pertuz,2023,0.541548677,0.507300116,NA
Tanner Kirwer,2023,0.542736721,0.563879163,NA
Trey Harris,2023,0.617654928,0.631211391,NA
Toby Welk,2023,0.606883404,0.607635065,NA
Yasel Antuna,2023,0.59872235,0.579579245,NA
Eric Wagaman,2023,0.610631332,0.649721992,NA
Branden Fryman,2023,0.488681578,0.44573334,NA
Dillan Shrum,2023,0.613499462,0.537194112,NA
Joe Naranjo,2023,0.602899472,0.562079539,NA
Rowdey Jordan,2023,0.55818707,0.595500391,NA
Davis Bradshaw,2023,0.607594705,0.633480076,NA
J.D. Osborne,2023,0.631497696,0.590503716,NA
Christian Donahue,2023,0.493648649,0.53084187,NA
Grayson Greiner,2023,0.504156869,0.590079484,NA
Cristopher Cespedes,2023,0.616452991,0.614334682,NA
Diego Infante,2023,0.625890516,0.630271207,NA
William Lugo,2023,0.586972448,0.523912743,NA
Franklin Barreto,2023,0.565903167,0.570810467,NA
David Rodriguez,2023,0.598039216,0.608691258,NA
Andrew Daschbach,2023,0.588152093,NA,NA
Glenn Santiago,2023,0.563586687,0.486881407,NA
Bradlee Beesley,2023,0.579197038,0.625964565,NA
J.D. Orr,2023,0.594606261,0.621356002,NA
Herard Gonzalez,2023,0.603993491,0.540300289,NA
Evan Edwards,2023,0.602715242,0.584180739,NA
Davis Tavarez,2023,0.621466769,0.523799178,NA
Pablo Aliendo,2023,0.575330938,0.526666275,NA
Shane Muntz,2023,0.566697113,0.498865762,NA
Julian Escobedo,2023,0.570128051,0.593261581,NA
J.C. Correa,2023,0.657216742,0.599085719,NA
Garrett Spain,2023,0.56,0.516189597,NA
Yeison Santana,2023,0.551551026,0.514306471,NA
Tyler Keenan,2023,0.52576316,0.506911839,NA
Drew Romo,2023,0.637625728,0.596197518,NA
Yusniel Diaz,2023,0.593730408,0.620927358,NA
James Parker,2023,0.5265988,0.50169434,NA
Tyler Hardman,2023,0.592553828,0.552334153,NA
Scott Schreiber,2023,0.636829349,0.654187538,NA
Cole Cummings,2023,0.583492174,0.525909463,NA
McCarthy Tatum,2023,0.533728015,0.573304722,NA
Victor Nova,2023,0.487602614,0.560397385,NA
Miguel Hernandez,2023,0.576979647,0.594023739,NA
Cory Spangenberg,2023,0.576534853,0.596534729,NA
Fabricio Macias,2023,0.609353338,0.628136839,NA
Mike Jarvis,2023,0.614954128,0.509034064,NA
Aaron Bracho,2023,0.532196285,0.478397123,NA
Tyler Esplin,2023,0.563647959,0.521420428,NA
PK Morris,2023,0.583762752,0.563367371,NA
Lucas Dunn,2023,0.534048485,0.51193056,NA
Angelo Castellano,2023,0.575958864,0.541341716,NA
Darrien Miller,2023,0.638786442,0.542274624,NA
Maikol Escotto,2023,0.539665552,0.50352061,NA
Jairo Pomares,2023,0.624359799,0.576436796,NA
Tanner Murphy,2023,0.511780105,0.482686648,NA
Mateo Gil,2023,0.553851321,0.509010923,NA
JaCoby Jones,2023,0.609032485,0.566278895,NA
Tristan Peters,2023,0.624229775,0.659524456,NA
Riley Mahan,2023,0.575636666,0.569697017,NA
Kelvin Melean,2023,0.555955517,0.560542575,NA
Jhailyn Ortiz,2023,0.594005718,0.636697338,NA
Ty Duvall,2023,0.508218864,0.476711712,NA
Brendt Citta,2023,0.619275285,NA,NA
Rece Hinds,2023,0.596934116,0.542442156,NA
Dylan Rosa,2023,0.579268293,0.557610105,NA
Kenneth Betancourt,2023,0.555686071,0.585839605,NA
Roby Enriquez,2023,0.602117486,0.679779458,NA
Anthony Mulrine,2023,0.519881085,0.529744752,NA
Joe Suozzi,2023,0.530817972,0.483274586,NA
Dariel Lopez,2023,0.583855449,0.571542771,NA
Wander Javier,2023,0.520991866,0.49072449,NA
Jackson Glenn,2023,0.520206307,0.502872264,NA
Victor Mesa,2023,0.533817204,0.561176839,NA
Zach Ashford,2023,0.574650618,NA,NA
Micker Adolfo,2023,0.617407597,0.624456469,NA
Joe Davis,2023,0.66108987,NA,NA
Cole Roederer,2023,0.601375013,0.633558127,NA
Agustin Ruiz,2023,0.587652897,0.611589464,NA
Luisangel Acuna,2023,0.624655312,0.612136363,NA
Hudson Potts,2023,0.605289328,0.63717121,NA
Francisco Hernandez,2023,0.520565427,0.488075152,NA
Erik Ostberg,2023,0.576592389,0.576300864,NA
Yoyner Fajardo,2023,0.565319549,0.552103716,NA
Scott Schebler,2023,0.588325496,0.549452372,NA
Ike Freeman,2023,0.494124923,0.556548349,NA
Drew Campbell,2023,0.584850938,0.551919015,NA
Terence Doston,2023,0.51624325,0.629261101,NA
T.J. Rumfield,2023,0.575629264,0.560753314,NA
Grant Koch,2023,0.497760604,0.536334377,NA
Will Robertson,2023,0.60306308,0.621229319,NA
Grant Little,2023,0.517440892,0.513093889,NA
Kyle McCann,2023,0.573089102,0.543586186,NA
Greyson Jenista,2023,0.611401099,0.605067574,NA
Devin Hairston,2023,0.471128642,0.507868016,NA
Carlos De La Cruz,2023,0.582124107,0.62974216,NA
Jack Herman,2023,0.55345502,0.538015011,NA
Connor Hoover,2023,0.554499542,0.522062766,NA
Carlos Rodriguez,2023,0.568594996,0.556926255,NA
Sonny DiChiara,2023,0.485431235,0.578867424,NA
Clint Frazier,2023,0.638566608,0.623040313,NA
Elier Hernandez,2023,0.624581594,0.598840506,NA
Juan Carlos Negret,2023,0.595128282,0.544315999,NA
Cristian Perez,2023,0.477792604,0.538351163,NA
Ryan January,2023,0.593209965,0.557206796,NA
Drew Lugbauer,2023,0.638748992,0.601747316,NA
Jose King,2023,0.511508359,0.481293682,NA
Matt Kroon,2023,0.583470378,0.643746645,NA
Cole Barr,2023,0.504538853,0.461802804,NA
Keegan Fish,2023,0.489241925,0.452661457,NA
Eric Rodriguez,2023,0.492326139,0.549501083,NA
Marty Bechina,2023,0.545914706,NA,NA
Austin Hendrick,2023,0.621903295,0.540101404,NA
Carlos Rincon,2023,0.583992833,0.655422763,NA
Yordys Valdes,2023,0.507396209,0.476387705,NA
Michael Amditis,2023,0.552681789,0.48615323,NA
Grant Lavigne,2023,0.658567416,0.690528863,NA
Kyle Kasser,2023,0.583647207,0.608170832,NA
Evan Alexander,2023,0.48481199,0.592547352,NA
Jake Gatewood,2023,0.60623126,0.578324763,NA
Cody Thomas,2023,0.611856171,0.622933406,NA
Vito Friscia,2023,0.612483857,0.612231625,NA
Ryder Jones,2023,0.545852187,0.586677461,NA
Zack Collins,2023,0.664833726,0.651998973,NA
Jared McDonald,2023,0.511180822,NA,NA
D.J. Artis,2023,0.575014634,0.626875489,NA
Hugo Cardona,2023,0.494055345,0.522196214,NA
Adam Hall,2023,0.55663062,0.586795467,NA
Jack Conley,2023,0.547672301,0.567132784,NA
Eric De La Rosa,2023,0.546584449,0.582795024,NA
TT Bowens,2023,0.596935792,0.532361444,NA
Lolo Sanchez,2023,0.604541712,0.641179067,NA
Caleb Roberts,2023,0.589190727,0.535736039,NA
Roberto Campos,2023,0.604361371,0.522078305,NA
Deury Carrasco,2023,0.487804189,0.472163721,NA
Chris Bec,2023,0.497764018,0.563576284,NA
Jake Washer,2023,0.579022989,0.590072197,NA
David Calabrese,2023,0.55521978,0.496586076,NA
Aeverson Arteaga,2023,0.579836211,0.499636896,NA
Jordan Brewer,2023,0.550118112,0.579470579,NA
Patrick Winkel,2023,0.562134977,0.519774568,NA
Kyler Fedko,2023,0.619382022,0.558309777,NA
Luken Baker,2023,0.622427587,0.623035181,NA
Karl Ellison,2023,0.432514407,0.432315794,NA
Scott McKeon,2023,0.465991193,0.446241614,NA
Victor Labrada,2023,0.532959108,0.527918584,NA
Torii Hunter Jr.,2023,0.576239703,0.574268287,NA
Lawrence Butler,2023,0.576014322,0.561002529,NA
Daniel Cabrera,2023,0.601255887,0.608171056,NA
Elvis Peralta,2023,0.460736864,0.5244608,NA
Dee Strange-Gordon,2023,0.616596639,0.618747927,NA
Shane Matheny,2023,0.591575833,0.581792441,NA
Nick Decker,2023,0.557095589,0.477733156,NA
Quinn Brodey,2023,0.53505676,0.543903647,NA
Ali Castillo,2023,0.592903209,0.575482265,NA
Sammy Siani,2023,0.516500217,0.49934077,NA
Sal Gozzo,2023,0.438606094,0.490967638,NA
Bennett Hostetler,2023,0.59374196,0.530256772,NA
Angeudis Santos,2023,0.534813212,0.444176791,NA
Chris Williams,2023,0.62589547,0.60287424,NA
Zach Watson,2023,0.565208877,0.564187494,NA
Shervyen Newton,2023,0.53974359,0.488695386,NA
Marcos Cabrera,2023,0.534175895,0.464320136,NA
Justin Upton,2023,0.60396103,0.642879962,NA
Casey Martin,2023,0.503113564,0.446636422,NA
Andres Sosa,2023,0.666434185,0.526584629,NA
Daniel Johnson,2023,0.60952381,0.603479226,NA
Pedro Castellanos,2023,0.60636061,0.640300582,NA
Lyle Lin,2023,0.482687228,0.454652201,NA
Noah Campbell,2023,0.566439878,0.613705959,NA
Jan Mercado,2023,0.467550643,0.522952908,NA
Kyler Castillo,2023,0.607595075,0.568207095,NA
Kekai Rios,2023,0.53879788,0.492478445,NA
Jeremy Vasquez,2023,0.582818728,NA,NA
Hudson Head,2023,0.546761513,0.525260508,NA
Onix Vega,2023,0.565038454,0.525820872,NA
Mack Chambers,2023,0.564382353,0.520170095,NA
Michael Sandle,2023,0.588724676,0.557188899,NA
Jorge Ona,2023,0.512495285,0.552577086,NA
Kevin Maitan,2023,0.554390054,0.589711256,NA
Tyler Frank,2023,0.486732585,NA,NA
Aldenis Sanchez,2023,0.50712584,0.521858977,NA
Estiven Machado,2023,0.519079958,0.47216543,NA
Jack Lopez,2023,0.551475131,0.522226362,NA
Austin Beck,2023,0.536077818,0.592741949,NA
Bryan Arias,2023,0.526277679,0.556239499,NA
Tyler Osik,2023,0.602967977,0.614596619,NA
Freudis Nova,2023,0.506781149,0.480259409,NA
Baron Radcliff,2023,0.562827622,0.520033776,NA
Aaron McKeithan,2023,0.571155238,0.52321857,NA
Bladimir Restituyo,2023,0.592202441,0.61650363,NA
Roberto Baldoquin,2023,0.511301844,0.576212108,NA
Tyler Tolve,2023,0.593372939,0.526826443,NA
Ben Malgeri,2023,0.58086115,0.533718374,NA
Rixon Wingrove,2023,0.575389986,0.521500061,NA
Trent Tingelstad,2023,0.523126139,0.504033047,NA
Kyle Schmidt,2023,0.483243243,0.548855808,NA
Joe Gray Jr.,2023,0.558203991,0.50773429,NA
Omar Estevez,2023,0.594192623,0.575618016,NA
Owen Caissie,2023,0.572918669,0.558147623,NA
Jonah Davis,2023,0.524779172,0.533171879,NA
Gilberto Jimenez,2023,0.568885751,0.559496735,NA
Justice Thompson,2023,0.530349832,0.528160776,NA
Alex Erro,2023,0.579483696,0.51916303,NA
Michel Triana,2023,0.599289449,0.517886485,NA
Matthew Acosta,2023,0.549158277,0.586722923,NA
Brandol Mezquita,2023,0.552705798,0.521441624,NA
Junior Tilien,2023,0.557410934,0.495831221,NA
Josh Bissonette,2023,0.538403919,0.567440599,NA
Duke Ellis,2023,0.527341141,0.520599699,NA
Warren Saunders,2023,0.513361376,0.474143411,NA
Todd Lott,2023,0.579256402,0.592948068,NA
Petey Halpin,2023,0.558163362,0.565326726,NA
Channy Ortiz,2023,0.552386781,0.491597015,NA
Javier Valdes,2023,0.694911404,0.648372972,NA
Michael Cantu,2023,0.412588235,0.507637395,NA
Jameson Hannah,2023,0.654416345,0.663595278,NA
Anthony Garcia,2023,0.58338479,0.486443228,NA
Jeremy De La Rosa,2023,0.576792378,0.553839964,NA
Chad Stevens,2023,0.513637669,0.493064502,NA
Jameson Fisher,2023,0.574633515,0.624197469,NA
Alex Ramirez,2023,0.572608979,0.558060062,NA
Hendrik Clementina,2023,0.567901965,0.577672279,NA
Jacob Gonzalez,2023,0.648867431,0.581903642,NA
Jordyn Adams,2023,0.543029234,0.584912429,NA
Reinaldo Ilarraza,2023,0.472585136,0.536288496,NA
Brandon McIlwain,2023,0.562148921,0.583060675,NA
AJ Lee,2023,0.437177281,0.436231648,NA
Bryson Horne,2023,0.584997178,0.540758359,NA
Angel Aponte,2023,0.600124766,0.544200777,NA
Will Matthiessen,2023,0.54821554,0.605498927,NA
Luis Guerrero,2023,0.478995774,0.514729622,NA
Dwight Smith Jr.,2023,0.58697564,NA,NA
Willie Joe Garry Jr.,2023,0.514005352,0.492582294,NA
JT Schwartz,2023,0.560690012,0.540760783,NA
Yosy Galan,2023,0.623003883,0.490358174,NA
Quin Cotton,2023,0.53815516,0.552392709,NA
L.J. Jones,2023,0.589829257,0.568951741,NA
Lazaro Armenteros,2023,0.540037951,0.53110714,NA
Alberto Rodriguez,2023,0.553764557,0.551372478,NA
Zach Zubia,2023,0.611147339,0.545914425,NA
Trevor Schwecke,2023,0.561363636,0.602745212,NA
Nick Matera,2023,0.496869797,0.540389159,NA
Juan Fernandez,2023,0.566700902,0.583872999,NA
Olivier Basabe,2023,0.524586007,0.583584973,NA
Hamlet Marte,2023,0.463378685,0.521440738,NA
Kale Emshoff,2023,0.550137741,0.508957548,NA
Jake Anchia,2023,0.507675439,0.521756761,NA
Kellin Deglan,2023,0.556556557,0.559756911,NA
Alejandro Pie,2023,0.394602661,0.410245283,NA
James Nelson,2023,0.497324988,0.489617382,NA
Garrett Wolforth,2023,0.536290498,0.556241838,NA
Luis Toribio,2023,0.577414939,0.533924042,NA
James Beard,2023,0.447693251,0.442286353,NA
Wes Kath,2023,0.529245717,0.576452424,NA
DJ Gladney,2023,0.556625074,0.582477609,NA
Justin Lavey,2023,0.484286899,0.475436816,NA
Cristian Gonzalez,2023,0.517813655,0.481217326,NA
Wilfred Veras,2023,0.622067464,0.652187885,NA
Chris Seise,2023,0.541103448,0.493802017,NA
Drew Mendoza,2023,0.522727273,0.55669284,NA
Ernny Ordonez,2023,0.529216301,0.518154866,NA
Madison Stokes,2023,0.529082595,0.558664407,NA
Charlie Welch,2023,0.580917874,0.506909907,NA
Ethan Wilson,2023,0.56329487,0.586433886,NA
Jonny Homza,2023,0.481721698,NA,NA
Alexander Vargas,2023,0.509512908,0.450787196,NA
